"replicate","arm","quantile","time","value"
1,"truth","q10",0.25,6.24774377225268
1,"truth","q10",0.5,5.62323908157432
1,"truth","q10",1,4.4643676499867
1,"truth","q10",2,2.57899725097421
1,"truth","q10",4,0.733966799028824
1,"truth","q10",8,0.0543969688640314
1,"truth","q10",12,0.00392562031931134
1,"truth","q50",0.25,8.48067086584799
1,"truth","q50",0.5,7.58197373655724
1,"truth","q50",1,6.05096989107465
1,"truth","q50",2,3.92836790594524
1,"truth","q50",4,1.68813448818037
1,"truth","q50",8,0.306565548150483
1,"truth","q50",12,0.0557052827728727
1,"truth","q90",0.25,11.464796581399
1,"truth","q90",0.5,10.1462773962201
1,"truth","q90",1,8.08004671556735
1,"truth","q90",2,5.55451076010246
1,"truth","q90",4,2.94369364738675
1,"truth","q90",8,0.926657074380812
1,"truth","q90",12,0.301350108447867
1,"gaussian","q10",0.25,5.86628607471881
1,"gaussian","q10",0.5,5.26782052989025
1,"gaussian","q10",1,4.11957167903469
1,"gaussian","q10",2,2.30318234456509
1,"gaussian","q10",4,0.629042071561991
1,"gaussian","q10",8,0.0423618887869556
1,"gaussian","q10",12,0.00281412954905002
1,"gaussian","q50",0.25,7.97411191691178
1,"gaussian","q50",0.5,7.11316636555171
1,"gaussian","q50",1,5.65812219375468
1,"gaussian","q50",2,3.64171669306517
1,"gaussian","q50",4,1.53583464098524
1,"gaussian","q50",8,0.268830049999849
1,"gaussian","q50",12,0.0469301201247945
1,"gaussian","q90",0.25,10.7693145522143
1,"gaussian","q90",0.5,9.52469686818143
1,"gaussian","q90",1,7.59802450645168
1,"gaussian","q90",2,5.21316385871262
1,"gaussian","q90",4,2.75337781564384
1,"gaussian","q90",8,0.851320060802748
1,"gaussian","q90",12,0.273105719276582
1,"flexible","q10",0.25,6.10057111531212
1,"flexible","q10",0.5,5.53025143091521
1,"flexible","q10",1,4.46732347931248
1,"flexible","q10",2,2.69844138585482
1,"flexible","q10",4,0.838747943905656
1,"flexible","q10",8,0.0732160362739065
1,"flexible","q10",12,0.00625789695168844
1,"flexible","q50",0.25,8.26844578287199
1,"flexible","q50",0.5,7.441429997067
1,"flexible","q50",1,6.01238764731959
1,"flexible","q50",2,3.9882677449645
1,"flexible","q50",4,1.79547839148983
1,"flexible","q50",8,0.35837524474615
1,"flexible","q50",12,0.071321918575591
1,"flexible","q90",0.25,11.1455613060019
1,"flexible","q90",0.5,9.924980969171
1,"flexible","q90",1,7.98527304287943
1,"flexible","q90",2,5.5616403859343
1,"flexible","q90",4,3.01878713062346
1,"flexible","q90",8,0.998737688052485
1,"flexible","q90",12,0.341108519103226
2,"truth","q10",0.25,6.24774377225268
2,"truth","q10",0.5,5.62323908157432
2,"truth","q10",1,4.4643676499867
2,"truth","q10",2,2.57899725097421
2,"truth","q10",4,0.733966799028824
2,"truth","q10",8,0.0543969688640314
2,"truth","q10",12,0.00392562031931134
2,"truth","q50",0.25,8.48067086584799
2,"truth","q50",0.5,7.58197373655724
2,"truth","q50",1,6.05096989107465
2,"truth","q50",2,3.92836790594524
2,"truth","q50",4,1.68813448818037
2,"truth","q50",8,0.306565548150483
2,"truth","q50",12,0.0557052827728727
2,"truth","q90",0.25,11.464796581399
2,"truth","q90",0.5,10.1462773962201
2,"truth","q90",1,8.08004671556735
2,"truth","q90",2,5.55451076010246
2,"truth","q90",4,2.94369364738675
2,"truth","q90",8,0.926657074380812
2,"truth","q90",12,0.301350108447867
2,"gaussian","q10",0.25,5.96897850824074
2,"gaussian","q10",0.5,5.28877899694369
2,"gaussian","q10",1,4.007218604674
2,"gaussian","q10",2,2.07119668337003
2,"gaussian","q10",4,0.482946527046797
2,"gaussian","q10",8,0.0241401086673051
2,"gaussian","q10",12,0.00116263347439881
2,"gaussian","q50",0.25,8.15522691029278
2,"gaussian","q50",0.5,7.17699683146467
2,"gaussian","q50",1,5.59118940389628
2,"gaussian","q50",2,3.45448959560696
2,"gaussian","q50",4,1.3389422273186
2,"gaussian","q50",8,0.197296224149034
2,"gaussian","q50",12,0.0290526372419672
2,"gaussian","q90",0.25,11.103029799419
2,"gaussian","q90",0.5,9.6982182622029
2,"gaussian","q90",1,7.59388841496297
2,"gaussian","q90",2,5.07360254230859
2,"gaussian","q90",4,2.5452797690427
2,"gaussian","q90",8,0.710011587307932
2,"gaussian","q90",12,0.206213357867406
2,"flexible","q10",0.25,6.08961384719248
2,"flexible","q10",0.5,5.48985141332765
2,"flexible","q10",1,4.37435864897958
2,"flexible","q10",2,2.55440400237799
2,"flexible","q10",4,0.736535694445646
2,"flexible","q10",8,0.0557848110000253
2,"flexible","q10",12,0.00409100987315086
2,"flexible","q50",0.25,8.31635980686503
2,"flexible","q50",0.5,7.43721855791344
2,"flexible","q50",1,5.93982309428047
2,"flexible","q50",2,3.8622600875003
2,"flexible","q50",4,1.66927750962609
2,"flexible","q50",8,0.305810074602758
2,"flexible","q50",12,0.0561813014160724
2,"flexible","q90",0.25,11.3150043997742
2,"flexible","q90",0.5,10.0124801185331
2,"flexible","q90",1,7.96776509099507
2,"flexible","q90",2,5.45963299757053
2,"flexible","q90",4,2.88521911647035
2,"flexible","q90",8,0.910799107336865
2,"flexible","q90",12,0.297079285328288
3,"truth","q10",0.25,6.24774377225268
3,"truth","q10",0.5,5.62323908157432
3,"truth","q10",1,4.4643676499867
3,"truth","q10",2,2.57899725097421
3,"truth","q10",4,0.733966799028824
3,"truth","q10",8,0.0543969688640314
3,"truth","q10",12,0.00392562031931134
3,"truth","q50",0.25,8.48067086584799
3,"truth","q50",0.5,7.58197373655724
3,"truth","q50",1,6.05096989107465
3,"truth","q50",2,3.92836790594524
3,"truth","q50",4,1.68813448818037
3,"truth","q50",8,0.306565548150483
3,"truth","q50",12,0.0557052827728727
3,"truth","q90",0.25,11.464796581399
3,"truth","q90",0.5,10.1462773962201
3,"truth","q90",1,8.08004671556735
3,"truth","q90",2,5.55451076010246
3,"truth","q90",4,2.94369364738675
3,"truth","q90",8,0.926657074380812
3,"truth","q90",12,0.301350108447867
3,"gaussian","q10",0.25,6.09794062901923
3,"gaussian","q10",0.5,5.38660179430606
3,"gaussian","q10",1,4.040743419816
3,"gaussian","q10",2,2.02075059893784
3,"gaussian","q10",4,0.4378076996629
3,"gaussian","q10",8,0.0191603497672585
3,"gaussian","q10",12,0.000805968173955067
3,"gaussian","q50",0.25,8.29153147625424
3,"gaussian","q50",0.5,7.28134514195271
3,"gaussian","q50",1,5.63388656949338
3,"gaussian","q50",2,3.47049103283357
3,"gaussian","q50",4,1.32088963930617
3,"gaussian","q50",8,0.18773374110055
3,"gaussian","q50",12,0.0266176772801642
3,"gaussian","q90",0.25,11.22467669105
3,"gaussian","q90",0.5,9.76196145287684
3,"gaussian","q90",1,7.62564807383066
3,"gaussian","q90",2,5.08321463595893
3,"gaussian","q90",4,2.56992870854422
3,"gaussian","q90",8,0.729667067168851
3,"gaussian","q90",12,0.212439176493296
3,"flexible","q10",0.25,6.29349070398399
3,"flexible","q10",0.5,5.67806190366369
3,"flexible","q10",1,4.52676293310095
3,"flexible","q10",2,2.61839236777352
3,"flexible","q10",4,0.734982365194637
3,"flexible","q10",8,0.0534128219096633
3,"flexible","q10",12,0.00378167280696005
3,"flexible","q50",0.25,8.5605441787326
3,"flexible","q50",0.5,7.6561607554648
3,"flexible","q50",1,6.11934450743443
3,"flexible","q50",2,3.98982625846681
3,"flexible","q50",4,1.73109021999879
3,"flexible","q50",8,0.319945562115551
3,"flexible","q50",12,0.0592429573110288
3,"flexible","q90",0.25,11.5922239618879
3,"flexible","q90",0.5,10.2444707868046
3,"flexible","q90",1,8.15017660785756
3,"flexible","q90",2,5.61963600221731
3,"flexible","q90",4,3.02149967308745
3,"flexible","q90",8,0.979080779545034
3,"flexible","q90",12,0.32907721061321
4,"truth","q10",0.25,6.24774377225268
4,"truth","q10",0.5,5.62323908157432
4,"truth","q10",1,4.4643676499867
4,"truth","q10",2,2.57899725097421
4,"truth","q10",4,0.733966799028824
4,"truth","q10",8,0.0543969688640314
4,"truth","q10",12,0.00392562031931134
4,"truth","q50",0.25,8.48067086584799
4,"truth","q50",0.5,7.58197373655724
4,"truth","q50",1,6.05096989107465
4,"truth","q50",2,3.92836790594524
4,"truth","q50",4,1.68813448818037
4,"truth","q50",8,0.306565548150483
4,"truth","q50",12,0.0557052827728727
4,"truth","q90",0.25,11.464796581399
4,"truth","q90",0.5,10.1462773962201
4,"truth","q90",1,8.08004671556735
4,"truth","q90",2,5.55451076010246
4,"truth","q90",4,2.94369364738675
4,"truth","q90",8,0.926657074380812
4,"truth","q90",12,0.301350108447867
4,"gaussian","q10",0.25,5.95849846064849
4,"gaussian","q10",0.5,5.28362533170062
4,"gaussian","q10",1,4.01941836136392
4,"gaussian","q10",2,2.09664196688003
4,"gaussian","q10",4,0.498041114042129
4,"gaussian","q10",8,0.025766877356069
4,"gaussian","q10",12,0.00128836321197993
4,"gaussian","q50",0.25,8.20971772633672
4,"gaussian","q50",0.5,7.23982882826298
4,"gaussian","q50",1,5.64273348754244
4,"gaussian","q50",2,3.4930535748483
4,"gaussian","q50",4,1.35967427471715
4,"gaussian","q50",8,0.202259969992823
4,"gaussian","q50",12,0.0298907474325018
4,"gaussian","q90",0.25,11.2563336865269
4,"gaussian","q90",0.5,9.84420963941689
4,"gaussian","q90",1,7.72030125686939
4,"gaussian","q90",2,5.14601264806445
4,"gaussian","q90",4,2.57452128972753
4,"gaussian","q90",8,0.717918536992763
4,"gaussian","q90",12,0.207990573487473
4,"flexible","q10",0.25,6.18519740758986
4,"flexible","q10",0.5,5.56775916813893
4,"flexible","q10",1,4.43465187429725
4,"flexible","q10",2,2.59519909873708
4,"flexible","q10",4,0.75076504483851
4,"flexible","q10",8,0.05678997081799
4,"flexible","q10",12,0.00420197855606074
4,"flexible","q50",0.25,8.49716179201875
4,"flexible","q50",0.5,7.59461606473196
4,"flexible","q50",1,6.05648548636941
4,"flexible","q50",2,3.91819356460848
4,"flexible","q50",4,1.68172519406976
4,"flexible","q50",8,0.303913484833614
4,"flexible","q50",12,0.0549893901373802
4,"flexible","q90",0.25,11.6212355454112
4,"flexible","q90",0.5,10.2857623990327
4,"flexible","q90",1,8.16705414623826
4,"flexible","q90",2,5.5660832697582
4,"flexible","q90",4,2.90769931623928
4,"flexible","q90",8,0.900570519061992
4,"flexible","q90",12,0.288261403187593
5,"truth","q10",0.25,6.24774377225268
5,"truth","q10",0.5,5.62323908157432
5,"truth","q10",1,4.4643676499867
5,"truth","q10",2,2.57899725097421
5,"truth","q10",4,0.733966799028824
5,"truth","q10",8,0.0543969688640314
5,"truth","q10",12,0.00392562031931134
5,"truth","q50",0.25,8.48067086584799
5,"truth","q50",0.5,7.58197373655724
5,"truth","q50",1,6.05096989107465
5,"truth","q50",2,3.92836790594524
5,"truth","q50",4,1.68813448818037
5,"truth","q50",8,0.306565548150483
5,"truth","q50",12,0.0557052827728727
5,"truth","q90",0.25,11.464796581399
5,"truth","q90",0.5,10.1462773962201
5,"truth","q90",1,8.08004671556735
5,"truth","q90",2,5.55451076010246
5,"truth","q90",4,2.94369364738675
5,"truth","q90",8,0.926657074380812
5,"truth","q90",12,0.301350108447867
5,"gaussian","q10",0.25,5.85179174300606
5,"gaussian","q10",0.5,5.22710780687913
5,"gaussian","q10",1,4.01295052762066
5,"gaussian","q10",2,2.12008469130459
5,"gaussian","q10",4,0.512963311736704
5,"gaussian","q10",8,0.0270157696441738
5,"gaussian","q10",12,0.00141999387137835
5,"gaussian","q50",0.25,7.9878012762974
5,"gaussian","q50",0.5,7.06979431972928
5,"gaussian","q50",1,5.54971051419558
5,"gaussian","q50",2,3.50195238327298
5,"gaussian","q50",4,1.40921986730964
5,"gaussian","q50",8,0.223606341935513
5,"gaussian","q50",12,0.0355189934903556
5,"gaussian","q90",0.25,10.8296266753718
5,"gaussian","q90",0.5,9.48655049272965
5,"gaussian","q90",1,7.4742661935447
5,"gaussian","q90",2,5.05728678496014
5,"gaussian","q90",4,2.63895396340879
5,"gaussian","q90",8,0.795351250424889
5,"gaussian","q90",12,0.248763218149052
5,"flexible","q10",0.25,6.05842959544685
5,"flexible","q10",0.5,5.47742096278296
5,"flexible","q10",1,4.36961696898426
5,"flexible","q10",2,2.53200680314893
5,"flexible","q10",4,0.709727489538034
5,"flexible","q10",8,0.0511522814989475
5,"flexible","q10",12,0.00359172275690224
5,"flexible","q50",0.25,8.24521502192783
5,"flexible","q50",0.5,7.37275413403009
5,"flexible","q50",1,5.89508900272066
5,"flexible","q50",2,3.8458160597328
5,"flexible","q50",4,1.67203200981966
5,"flexible","q50",8,0.310171984406059
5,"flexible","q50",12,0.0574174345185765
5,"flexible","q90",0.25,11.1558228077973
5,"flexible","q90",0.5,9.85120395717624
5,"flexible","q90",1,7.83496808202181
5,"flexible","q90",2,5.40154721968186
5,"flexible","q90",4,2.91313783377335
5,"flexible","q90",8,0.951551502640936
5,"flexible","q90",12,0.320773261697322
6,"truth","q10",0.25,6.24774377225268
6,"truth","q10",0.5,5.62323908157432
6,"truth","q10",1,4.4643676499867
6,"truth","q10",2,2.57899725097421
6,"truth","q10",4,0.733966799028824
6,"truth","q10",8,0.0543969688640314
6,"truth","q10",12,0.00392562031931134
6,"truth","q50",0.25,8.48067086584799
6,"truth","q50",0.5,7.58197373655724
6,"truth","q50",1,6.05096989107465
6,"truth","q50",2,3.92836790594524
6,"truth","q50",4,1.68813448818037
6,"truth","q50",8,0.306565548150483
6,"truth","q50",12,0.0557052827728727
6,"truth","q90",0.25,11.464796581399
6,"truth","q90",0.5,10.1462773962201
6,"truth","q90",1,8.08004671556735
6,"truth","q90",2,5.55451076010246
6,"truth","q90",4,2.94369364738675
6,"truth","q90",8,0.926657074380812
6,"truth","q90",12,0.301350108447867
6,"gaussian","q10",0.25,6.09395420097901
6,"gaussian","q10",0.5,5.45412059894556
6,"gaussian","q10",1,4.24962865349251
6,"gaussian","q10",2,2.3292107916493
6,"gaussian","q10",4,0.600081827215216
6,"gaussian","q10",8,0.0363583951264343
6,"gaussian","q10",12,0.00210919725146623
6,"gaussian","q50",0.25,8.34728909095025
6,"gaussian","q50",0.5,7.40238399666953
6,"gaussian","q50",1,5.82303710038875
6,"gaussian","q50",2,3.67458812821289
6,"gaussian","q50",4,1.48945041576469
6,"gaussian","q50",8,0.239592362026105
6,"gaussian","q50",12,0.0386948257386268
6,"gaussian","q90",0.25,11.3706947691916
6,"gaussian","q90",0.5,9.95524241817858
6,"gaussian","q90",1,7.81406796965403
6,"gaussian","q90",2,5.2300502745901
6,"gaussian","q90",4,2.66349032081886
6,"gaussian","q90",8,0.775022427703757
6,"gaussian","q90",12,0.233429201139404
6,"flexible","q10",0.25,6.25895373873329
6,"flexible","q10",0.5,5.67107518015905
6,"flexible","q10",1,4.60150320759836
6,"flexible","q10",2,2.78331617099429
6,"flexible","q10",4,0.855622445827248
6,"flexible","q10",8,0.0720088852214429
6,"flexible","q10",12,0.00592593280618428
6,"flexible","q50",0.25,8.55891453351698
6,"flexible","q50",0.5,7.68622236994081
6,"flexible","q50",1,6.1803437116334
6,"flexible","q50",2,4.05664955475607
6,"flexible","q50",4,1.79113484544645
6,"flexible","q50",8,0.346394811403125
6,"flexible","q50",12,0.0663888717778389
6,"flexible","q90",0.25,11.6467928863514
6,"flexible","q90",0.5,10.3150185359669
6,"flexible","q90",1,8.20193562177235
6,"flexible","q90",2,5.60620651211105
6,"flexible","q90",4,2.97429276167193
6,"flexible","q90",8,0.951362237250831
6,"flexible","q90",12,0.315243529682693
7,"truth","q10",0.25,6.24774377225268
7,"truth","q10",0.5,5.62323908157432
7,"truth","q10",1,4.4643676499867
7,"truth","q10",2,2.57899725097421
7,"truth","q10",4,0.733966799028824
7,"truth","q10",8,0.0543969688640314
7,"truth","q10",12,0.00392562031931134
7,"truth","q50",0.25,8.48067086584799
7,"truth","q50",0.5,7.58197373655724
7,"truth","q50",1,6.05096989107465
7,"truth","q50",2,3.92836790594524
7,"truth","q50",4,1.68813448818037
7,"truth","q50",8,0.306565548150483
7,"truth","q50",12,0.0557052827728727
7,"truth","q90",0.25,11.464796581399
7,"truth","q90",0.5,10.1462773962201
7,"truth","q90",1,8.08004671556735
7,"truth","q90",2,5.55451076010246
7,"truth","q90",4,2.94369364738675
7,"truth","q90",8,0.926657074380812
7,"truth","q90",12,0.301350108447867
7,"gaussian","q10",0.25,5.73775654711622
7,"gaussian","q10",0.5,5.04003547224187
7,"gaussian","q10",1,3.74454030455168
7,"gaussian","q10",2,1.85070431523019
7,"gaussian","q10",4,0.393019468834199
7,"gaussian","q10",8,0.016322380595689
7,"gaussian","q10",12,0.000652380260578512
7,"gaussian","q50",0.25,7.97730517295171
7,"gaussian","q50",0.5,6.98976823967159
7,"gaussian","q50",1,5.39334105045351
7,"gaussian","q50",2,3.28468652503707
7,"gaussian","q50",4,1.23315539100965
7,"gaussian","q50",8,0.170696288403609
7,"gaussian","q50",12,0.0234322482968957
7,"gaussian","q90",0.25,11.0496653428703
7,"gaussian","q90",0.5,9.61982461575806
7,"gaussian","q90",1,7.50585047613461
7,"gaussian","q90",2,4.99041012360813
7,"gaussian","q90",4,2.48851007147304
7,"gaussian","q90",8,0.687329088661464
7,"gaussian","q90",12,0.196696870834877
7,"flexible","q10",0.25,5.95893850171676
7,"flexible","q10",0.5,5.35091248648629
7,"flexible","q10",1,4.22791768840618
7,"flexible","q10",2,2.41958571034478
7,"flexible","q10",4,0.665820215659264
7,"flexible","q10",8,0.0460066784113932
7,"flexible","q10",12,0.00306975169471582
7,"flexible","q50",0.25,8.27201196882831
7,"flexible","q50",0.5,7.37788699232852
7,"flexible","q50",1,5.86838613859713
7,"flexible","q50",2,3.78191627163804
7,"flexible","q50",4,1.6093914934369
7,"flexible","q50",8,0.285867331592363
7,"flexible","q50",12,0.0507761192616673
7,"flexible","q90",0.25,11.4367576813826
7,"flexible","q90",0.5,10.1080483599215
7,"flexible","q90",1,8.02587691264917
7,"flexible","q90",2,5.48557513877977
7,"flexible","q90",4,2.88578029648324
7,"flexible","q90",8,0.906665441285569
7,"flexible","q90",12,0.294859725173477
8,"truth","q10",0.25,6.24774377225268
8,"truth","q10",0.5,5.62323908157432
8,"truth","q10",1,4.4643676499867
8,"truth","q10",2,2.57899725097421
8,"truth","q10",4,0.733966799028824
8,"truth","q10",8,0.0543969688640314
8,"truth","q10",12,0.00392562031931134
8,"truth","q50",0.25,8.48067086584799
8,"truth","q50",0.5,7.58197373655724
8,"truth","q50",1,6.05096989107465
8,"truth","q50",2,3.92836790594524
8,"truth","q50",4,1.68813448818037
8,"truth","q50",8,0.306565548150483
8,"truth","q50",12,0.0557052827728727
8,"truth","q90",0.25,11.464796581399
8,"truth","q90",0.5,10.1462773962201
8,"truth","q90",1,8.08004671556735
8,"truth","q90",2,5.55451076010246
8,"truth","q90",4,2.94369364738675
8,"truth","q90",8,0.926657074380812
8,"truth","q90",12,0.301350108447867
8,"gaussian","q10",0.25,6.71456151103213
8,"gaussian","q10",0.5,5.86113282836656
8,"gaussian","q10",1,4.29420520362707
8,"gaussian","q10",2,2.06541347176662
8,"gaussian","q10",4,0.422147799437949
8,"gaussian","q10",8,0.0165877690240885
8,"gaussian","q10",12,0.000642499912768208
8,"gaussian","q50",0.25,9.00893936235876
8,"gaussian","q50",0.5,7.86606258862761
8,"gaussian","q50",1,6.03929344114087
8,"gaussian","q50",2,3.64911570147577
8,"gaussian","q50",4,1.33647824038327
8,"gaussian","q50",8,0.176424963156924
8,"gaussian","q50",12,0.0233378611972434
8,"gaussian","q90",0.25,12.0322170281217
8,"gaussian","q90",0.5,10.4963838788019
8,"gaussian","q90",1,8.21360192116619
8,"gaussian","q90",2,5.47816128475659
8,"gaussian","q90",4,2.71973464264571
8,"gaussian","q90",8,0.730251861180638
8,"gaussian","q90",12,0.200182210069893
8,"flexible","q10",0.25,6.73327775802252
8,"flexible","q10",0.5,5.98654561785171
8,"flexible","q10",1,4.63048899272477
8,"flexible","q10",2,2.52785579553347
8,"flexible","q10",4,0.646185295682432
8,"flexible","q10",8,0.0396605162834661
8,"flexible","q10",12,0.00237023755636931
8,"flexible","q50",0.25,9.03522596495378
8,"flexible","q50",0.5,8.02030788298879
8,"flexible","q50",1,6.33156331186357
8,"flexible","q50",2,4.02286002127475
8,"flexible","q50",4,1.6472695544425
8,"flexible","q50",8,0.269799363220982
8,"flexible","q50",12,0.0443820261018258
8,"flexible","q90",0.25,12.087917403787
8,"flexible","q90",0.5,10.6662987508148
8,"flexible","q90",1,8.48710948732147
8,"flexible","q90",2,5.82058650959832
8,"flexible","q90",4,3.03970250043838
8,"flexible","q90",8,0.913423640280395
8,"flexible","q90",12,0.283196953233035
9,"truth","q10",0.25,6.24774377225268
9,"truth","q10",0.5,5.62323908157432
9,"truth","q10",1,4.4643676499867
9,"truth","q10",2,2.57899725097421
9,"truth","q10",4,0.733966799028824
9,"truth","q10",8,0.0543969688640314
9,"truth","q10",12,0.00392562031931134
9,"truth","q50",0.25,8.48067086584799
9,"truth","q50",0.5,7.58197373655724
9,"truth","q50",1,6.05096989107465
9,"truth","q50",2,3.92836790594524
9,"truth","q50",4,1.68813448818037
9,"truth","q50",8,0.306565548150483
9,"truth","q50",12,0.0557052827728727
9,"truth","q90",0.25,11.464796581399
9,"truth","q90",0.5,10.1462773962201
9,"truth","q90",1,8.08004671556735
9,"truth","q90",2,5.55451076010246
9,"truth","q90",4,2.94369364738675
9,"truth","q90",8,0.926657074380812
9,"truth","q90",12,0.301350108447867
9,"gaussian","q10",0.25,6.32968058687553
9,"gaussian","q10",0.5,5.54910978054354
9,"gaussian","q10",1,4.10480428392668
9,"gaussian","q10",2,2.01174709879371
9,"gaussian","q10",4,0.425512292655714
9,"gaussian","q10",8,0.0177136413793043
9,"gaussian","q10",12,0.000721622745379661
9,"gaussian","q50",0.25,8.52844464851918
9,"gaussian","q50",0.5,7.46084575770347
9,"gaussian","q50",1,5.73384483191712
9,"gaussian","q50",2,3.47654201904918
9,"gaussian","q50",4,1.28206908343512
9,"gaussian","q50",8,0.171340937741951
9,"gaussian","q50",12,0.0229007639468522
9,"gaussian","q90",0.25,11.4341555329048
9,"gaussian","q90",0.5,9.9590437563668
9,"gaussian","q90",1,7.77021233021578
9,"gaussian","q90",2,5.144466664344
9,"gaussian","q90",4,2.53635281771174
9,"gaussian","q90",8,0.673956343368567
9,"gaussian","q90",12,0.18614467916386
9,"flexible","q10",0.25,6.45296689986656
9,"flexible","q10",0.5,5.76201570016197
9,"flexible","q10",1,4.49823001562576
9,"flexible","q10",2,2.49197012878418
9,"flexible","q10",4,0.654651245690485
9,"flexible","q10",8,0.04182262212796
9,"flexible","q10",12,0.00262839338521374
9,"flexible","q50",0.25,8.69118129217
9,"flexible","q50",0.5,7.72176733415008
9,"flexible","q50",1,6.08949537339954
9,"flexible","q50",2,3.87158342853732
9,"flexible","q50",4,1.58638858247141
9,"flexible","q50",8,0.261643267995923
9,"flexible","q50",12,0.0431745627222358
9,"flexible","q90",0.25,11.6668524554896
9,"flexible","q90",0.5,10.2781524340961
9,"flexible","q90",1,8.12404112898229
9,"flexible","q90",2,5.52013018615821
9,"flexible","q90",4,2.85199301864756
9,"flexible","q90",8,0.843870954694002
9,"flexible","q90",12,0.257596384972235
10,"truth","q10",0.25,6.24774377225268
10,"truth","q10",0.5,5.62323908157432
10,"truth","q10",1,4.4643676499867
10,"truth","q10",2,2.57899725097421
10,"truth","q10",4,0.733966799028824
10,"truth","q10",8,0.0543969688640314
10,"truth","q10",12,0.00392562031931134
10,"truth","q50",0.25,8.48067086584799
10,"truth","q50",0.5,7.58197373655724
10,"truth","q50",1,6.05096989107465
10,"truth","q50",2,3.92836790594524
10,"truth","q50",4,1.68813448818037
10,"truth","q50",8,0.306565548150483
10,"truth","q50",12,0.0557052827728727
10,"truth","q90",0.25,11.464796581399
10,"truth","q90",0.5,10.1462773962201
10,"truth","q90",1,8.08004671556735
10,"truth","q90",2,5.55451076010246
10,"truth","q90",4,2.94369364738675
10,"truth","q90",8,0.926657074380812
10,"truth","q90",12,0.301350108447867
10,"gaussian","q10",0.25,5.52044683982136
10,"gaussian","q10",0.5,4.93124480958675
10,"gaussian","q10",1,3.81248202125709
10,"gaussian","q10",2,2.06307467570214
10,"gaussian","q10",4,0.527968383374959
10,"gaussian","q10",8,0.0314248313656699
10,"gaussian","q10",12,0.00180107740263866
10,"gaussian","q50",0.25,7.60355152960812
10,"gaussian","q50",0.5,6.74600031250129
10,"gaussian","q50",1,5.32216143234237
10,"gaussian","q50",2,3.37065487306019
10,"gaussian","q50",4,1.37359165099169
10,"gaussian","q50",8,0.22439924748652
10,"gaussian","q50",12,0.0364664748551311
10,"gaussian","q90",0.25,10.406977112737
10,"gaussian","q90",0.5,9.14660854041916
10,"gaussian","q90",1,7.24028278707608
10,"gaussian","q90",2,4.90286216996585
10,"gaussian","q90",4,2.52716608437668
10,"gaussian","q90",8,0.750909330837801
10,"gaussian","q90",12,0.231414387913687
10,"flexible","q10",0.25,5.8176228769549
10,"flexible","q10",0.5,5.28014020988466
10,"flexible","q10",1,4.26766968337786
10,"flexible","q10",2,2.58337404639167
10,"flexible","q10",4,0.798937753186367
10,"flexible","q10",8,0.0684533506299304
10,"flexible","q10",12,0.00573950321130491
10,"flexible","q50",0.25,7.96706770118758
10,"flexible","q50",0.5,7.16505442438599
10,"flexible","q50",1,5.78295681778697
10,"flexible","q50",2,3.82720222805505
10,"flexible","q50",4,1.71855850659114
10,"flexible","q50",8,0.3409937003454
10,"flexible","q50",12,0.0677157327257291
10,"flexible","q90",0.25,10.8599040431018
10,"flexible","q90",0.5,9.66159971401458
10,"flexible","q90",1,7.74406583970393
10,"flexible","q90",2,5.36502594582523
10,"flexible","q90",4,2.89247219975154
10,"flexible","q90",8,0.955685316801561
10,"flexible","q90",12,0.326842692603236
11,"truth","q10",0.25,6.24774377225268
11,"truth","q10",0.5,5.62323908157432
11,"truth","q10",1,4.4643676499867
11,"truth","q10",2,2.57899725097421
11,"truth","q10",4,0.733966799028824
11,"truth","q10",8,0.0543969688640314
11,"truth","q10",12,0.00392562031931134
11,"truth","q50",0.25,8.48067086584799
11,"truth","q50",0.5,7.58197373655724
11,"truth","q50",1,6.05096989107465
11,"truth","q50",2,3.92836790594524
11,"truth","q50",4,1.68813448818037
11,"truth","q50",8,0.306565548150483
11,"truth","q50",12,0.0557052827728727
11,"truth","q90",0.25,11.464796581399
11,"truth","q90",0.5,10.1462773962201
11,"truth","q90",1,8.08004671556735
11,"truth","q90",2,5.55451076010246
11,"truth","q90",4,2.94369364738675
11,"truth","q90",8,0.926657074380812
11,"truth","q90",12,0.301350108447867
11,"gaussian","q10",0.25,6.39842435810536
11,"gaussian","q10",0.5,5.70576780571837
11,"gaussian","q10",1,4.39785645527755
11,"gaussian","q10",2,2.36848011578985
11,"gaussian","q10",4,0.604185436126351
11,"gaussian","q10",8,0.0361994825568933
11,"gaussian","q10",12,0.00212514690992983
11,"gaussian","q50",0.25,8.56585282342106
11,"gaussian","q50",0.5,7.60010706057037
11,"gaussian","q50",1,5.98649340224943
11,"gaussian","q50",2,3.79653012011558
11,"gaussian","q50",4,1.54012396588268
11,"gaussian","q50",8,0.250253787875321
11,"gaussian","q50",12,0.0404110611752986
11,"gaussian","q90",0.25,11.4138808884835
11,"gaussian","q90",0.5,10.0521615864241
11,"gaussian","q90",1,7.9756134446046
11,"gaussian","q90",2,5.43500311902752
11,"gaussian","q90",4,2.822137818402
11,"gaussian","q90",8,0.833135512542945
11,"gaussian","q90",12,0.253751803122515
11,"flexible","q10",0.25,6.57325257340807
11,"flexible","q10",0.5,5.93386446584597
11,"flexible","q10",1,4.74704912593149
11,"flexible","q10",2,2.80160378352762
11,"flexible","q10",4,0.833807342089402
11,"flexible","q10",8,0.0676596384376338
11,"flexible","q10",12,0.00538679277801715
11,"flexible","q50",0.25,8.78593388587226
11,"flexible","q50",0.5,7.88522990856711
11,"flexible","q50",1,6.33595621106326
11,"flexible","q50",2,4.16167200060475
11,"flexible","q50",4,1.83117438452335
11,"flexible","q50",8,0.347786049335383
11,"flexible","q50",12,0.0658575434844547
11,"flexible","q90",0.25,11.7079770363683
11,"flexible","q90",0.5,10.3975759101145
11,"flexible","q90",1,8.33934416495963
11,"flexible","q90",2,5.78860709353644
11,"flexible","q90",4,3.10978046837743
11,"flexible","q90",8,1.00007959727894
11,"flexible","q90",12,0.331393405166521
12,"truth","q10",0.25,6.24774377225268
12,"truth","q10",0.5,5.62323908157432
12,"truth","q10",1,4.4643676499867
12,"truth","q10",2,2.57899725097421
12,"truth","q10",4,0.733966799028824
12,"truth","q10",8,0.0543969688640314
12,"truth","q10",12,0.00392562031931134
12,"truth","q50",0.25,8.48067086584799
12,"truth","q50",0.5,7.58197373655724
12,"truth","q50",1,6.05096989107465
12,"truth","q50",2,3.92836790594524
12,"truth","q50",4,1.68813448818037
12,"truth","q50",8,0.306565548150483
12,"truth","q50",12,0.0557052827728727
12,"truth","q90",0.25,11.464796581399
12,"truth","q90",0.5,10.1462773962201
12,"truth","q90",1,8.08004671556735
12,"truth","q90",2,5.55451076010246
12,"truth","q90",4,2.94369364738675
12,"truth","q90",8,0.926657074380812
12,"truth","q90",12,0.301350108447867
12,"gaussian","q10",0.25,6.00827749336346
12,"gaussian","q10",0.5,5.4011620425867
12,"gaussian","q10",1,4.25093852342421
12,"gaussian","q10",2,2.38412238719853
12,"gaussian","q10",4,0.642689219092491
12,"gaussian","q10",8,0.0419385980700402
12,"gaussian","q10",12,0.00268645818957779
12,"gaussian","q50",0.25,8.29974031554378
12,"gaussian","q50",0.5,7.39583149032973
12,"gaussian","q50",1,5.89209769938433
12,"gaussian","q50",2,3.8004770807946
12,"gaussian","q50",4,1.61755888497125
12,"gaussian","q50",8,0.288341453599722
12,"gaussian","q50",12,0.0511506349437037
12,"gaussian","q90",0.25,11.4181048360576
12,"gaussian","q90",0.5,10.0681840390065
12,"gaussian","q90",1,8.00935973688
12,"gaussian","q90",2,5.49588593846057
12,"gaussian","q90",4,2.92282436549744
12,"gaussian","q90",8,0.932362800220594
12,"gaussian","q90",12,0.308874866299816
12,"flexible","q10",0.25,6.12993856852707
12,"flexible","q10",0.5,5.55788807334541
12,"flexible","q10",1,4.49297458497063
12,"flexible","q10",2,2.69731370512178
12,"flexible","q10",4,0.814122296648049
12,"flexible","q10",8,0.0666291883309868
12,"flexible","q10",12,0.0053292266475417
12,"flexible","q50",0.25,8.4624163805523
12,"flexible","q50",0.5,7.60722464093337
12,"flexible","q50",1,6.13058312581468
12,"flexible","q50",2,4.05867618649157
12,"flexible","q50",4,1.82833844162597
12,"flexible","q50",8,0.364147525860148
12,"flexible","q50",12,0.072270431032189
12,"flexible","q90",0.25,11.6300006510255
12,"flexible","q90",0.5,10.3282199576539
12,"flexible","q90",1,8.26760271358239
12,"flexible","q90",2,5.74361519466187
12,"flexible","q90",4,3.12582793125548
12,"flexible","q90",8,1.05465638458065
12,"flexible","q90",12,0.368180257950713
13,"truth","q10",0.25,6.24774377225268
13,"truth","q10",0.5,5.62323908157432
13,"truth","q10",1,4.4643676499867
13,"truth","q10",2,2.57899725097421
13,"truth","q10",4,0.733966799028824
13,"truth","q10",8,0.0543969688640314
13,"truth","q10",12,0.00392562031931134
13,"truth","q50",0.25,8.48067086584799
13,"truth","q50",0.5,7.58197373655724
13,"truth","q50",1,6.05096989107465
13,"truth","q50",2,3.92836790594524
13,"truth","q50",4,1.68813448818037
13,"truth","q50",8,0.306565548150483
13,"truth","q50",12,0.0557052827728727
13,"truth","q90",0.25,11.464796581399
13,"truth","q90",0.5,10.1462773962201
13,"truth","q90",1,8.08004671556735
13,"truth","q90",2,5.55451076010246
13,"truth","q90",4,2.94369364738675
13,"truth","q90",8,0.926657074380812
13,"truth","q90",12,0.301350108447867
13,"gaussian","q10",0.25,6.38918514146611
13,"gaussian","q10",0.5,5.63012035350421
13,"gaussian","q10",1,4.19361987158668
13,"gaussian","q10",2,2.05521598038738
13,"gaussian","q10",4,0.430930952166755
13,"gaussian","q10",8,0.0175750526532521
13,"gaussian","q10",12,0.000704633782134984
13,"gaussian","q50",0.25,8.62221399133875
13,"gaussian","q50",0.5,7.55824437868811
13,"gaussian","q50",1,5.8321715344329
13,"gaussian","q50",2,3.59213223534797
13,"gaussian","q50",4,1.35927413396373
13,"gaussian","q50",8,0.190590993460332
13,"gaussian","q50",12,0.026773111249808
13,"gaussian","q90",0.25,11.5479405714523
13,"gaussian","q90",0.5,10.0486917397772
13,"gaussian","q90",1,7.8691132585235
13,"gaussian","q90",2,5.279220478679
13,"gaussian","q90",4,2.70286659892415
13,"gaussian","q90",8,0.775372966295183
13,"gaussian","q90",12,0.229025532223972
13,"flexible","q10",0.25,6.53230879200494
13,"flexible","q10",0.5,5.87690381558412
13,"flexible","q10",1,4.6507522602682
13,"flexible","q10",2,2.62511271763152
13,"flexible","q10",4,0.707735902606355
13,"flexible","q10",8,0.0473908160061655
13,"flexible","q10",12,0.00311898905126907
13,"flexible","q50",0.25,8.81138542895179
13,"flexible","q50",0.5,7.87194434962225
13,"flexible","q50",1,6.27245249051738
13,"flexible","q50",2,4.07757973691745
13,"flexible","q50",4,1.75284959051734
13,"flexible","q50",8,0.317449311500159
13,"flexible","q50",12,0.0574807783119761
13,"flexible","q90",0.25,11.8265507068228
13,"flexible","q90",0.5,10.4315648335819
13,"flexible","q90",1,8.32478176916794
13,"flexible","q90",2,5.76173345437898
13,"flexible","q90",4,3.12139437967968
13,"flexible","q90",8,1.02129549557015
13,"flexible","q90",12,0.344100354631175
14,"truth","q10",0.25,6.24774377225268
14,"truth","q10",0.5,5.62323908157432
14,"truth","q10",1,4.4643676499867
14,"truth","q10",2,2.57899725097421
14,"truth","q10",4,0.733966799028824
14,"truth","q10",8,0.0543969688640314
14,"truth","q10",12,0.00392562031931134
14,"truth","q50",0.25,8.48067086584799
14,"truth","q50",0.5,7.58197373655724
14,"truth","q50",1,6.05096989107465
14,"truth","q50",2,3.92836790594524
14,"truth","q50",4,1.68813448818037
14,"truth","q50",8,0.306565548150483
14,"truth","q50",12,0.0557052827728727
14,"truth","q90",0.25,11.464796581399
14,"truth","q90",0.5,10.1462773962201
14,"truth","q90",1,8.08004671556735
14,"truth","q90",2,5.55451076010246
14,"truth","q90",4,2.94369364738675
14,"truth","q90",8,0.926657074380812
14,"truth","q90",12,0.301350108447867
14,"gaussian","q10",0.25,6.21319897196238
14,"gaussian","q10",0.5,5.42481159684987
14,"gaussian","q10",1,3.96914052230361
14,"gaussian","q10",2,1.90013877167899
14,"gaussian","q10",4,0.384376854475592
14,"gaussian","q10",8,0.0145521731346567
14,"gaussian","q10",12,0.000540708774880423
14,"gaussian","q50",0.25,8.42016805915967
14,"gaussian","q50",0.5,7.33687198655423
14,"gaussian","q50",1,5.59234333236837
14,"gaussian","q50",2,3.33618236899729
14,"gaussian","q50",4,1.18770613297493
14,"gaussian","q50",8,0.147946669972449
14,"gaussian","q50",12,0.0183253011142086
14,"gaussian","q90",0.25,11.3503387756247
14,"gaussian","q90",0.5,9.82914290888202
14,"gaussian","q90",1,7.60048780706734
14,"gaussian","q90",2,4.95624825379359
14,"gaussian","q90",4,2.37386306344336
14,"gaussian","q90",8,0.598653137385851
14,"gaussian","q90",12,0.155471023907802
14,"flexible","q10",0.25,6.39655168480911
14,"flexible","q10",0.5,5.70837407817795
14,"flexible","q10",1,4.43368095827805
14,"flexible","q10",2,2.43352311540668
14,"flexible","q10",4,0.625791227996203
14,"flexible","q10",8,0.03821699569257
14,"flexible","q10",12,0.00228229056239451
14,"flexible","q50",0.25,8.64934776222094
14,"flexible","q50",0.5,7.65721205923916
14,"flexible","q50",1,6.00327510428087
14,"flexible","q50",2,3.76028196817401
14,"flexible","q50",4,1.4996704084216
14,"flexible","q50",8,0.234744539335385
14,"flexible","q50",12,0.036678487101175
14,"flexible","q90",0.25,11.6465406858387
14,"flexible","q90",0.5,10.2029825487169
14,"flexible","q90",1,8.00334046050941
14,"flexible","q90",2,5.35314538950968
14,"flexible","q90",4,2.69541029393513
14,"flexible","q90",8,0.758047037655452
14,"flexible","q90",12,0.220432225694192
15,"truth","q10",0.25,6.24774377225268
15,"truth","q10",0.5,5.62323908157432
15,"truth","q10",1,4.4643676499867
15,"truth","q10",2,2.57899725097421
15,"truth","q10",4,0.733966799028824
15,"truth","q10",8,0.0543969688640314
15,"truth","q10",12,0.00392562031931134
15,"truth","q50",0.25,8.48067086584799
15,"truth","q50",0.5,7.58197373655724
15,"truth","q50",1,6.05096989107465
15,"truth","q50",2,3.92836790594524
15,"truth","q50",4,1.68813448818037
15,"truth","q50",8,0.306565548150483
15,"truth","q50",12,0.0557052827728727
15,"truth","q90",0.25,11.464796581399
15,"truth","q90",0.5,10.1462773962201
15,"truth","q90",1,8.08004671556735
15,"truth","q90",2,5.55451076010246
15,"truth","q90",4,2.94369364738675
15,"truth","q90",8,0.926657074380812
15,"truth","q90",12,0.301350108447867
15,"gaussian","q10",0.25,5.9673972164714
15,"gaussian","q10",0.5,5.34693046205928
15,"gaussian","q10",1,4.16403316366241
15,"gaussian","q10",2,2.27821872390475
15,"gaussian","q10",4,0.585697464066304
15,"gaussian","q10",8,0.0352504927865218
15,"gaussian","q10",12,0.00208439894847979
15,"gaussian","q50",0.25,8.16245289076059
15,"gaussian","q50",0.5,7.24412560002867
15,"gaussian","q50",1,5.72281570820801
15,"gaussian","q50",2,3.63959385005357
15,"gaussian","q50",4,1.49893612363862
15,"gaussian","q50",8,0.249142502294015
15,"gaussian","q50",12,0.0414132158564248
15,"gaussian","q90",0.25,11.1176324000505
15,"gaussian","q90",0.5,9.76453638341258
15,"gaussian","q90",1,7.71194445018761
15,"gaussian","q90",2,5.22523226929088
15,"gaussian","q90",4,2.7211699301534
15,"gaussian","q90",8,0.826608589297488
15,"gaussian","q90",12,0.259469234837559
15,"flexible","q10",0.25,6.0961271695723
15,"flexible","q10",0.5,5.51792211478345
15,"flexible","q10",1,4.43629359833041
15,"flexible","q10",2,2.63482538319688
15,"flexible","q10",4,0.778290092382408
15,"flexible","q10",8,0.0611671381399492
15,"flexible","q10",12,0.00470881964282438
15,"flexible","q50",0.25,8.33498494932026
15,"flexible","q50",0.5,7.47321727982168
15,"flexible","q50",1,5.99318927646542
15,"flexible","q50",2,3.92660677367223
15,"flexible","q50",4,1.72896769332441
15,"flexible","q50",8,0.328591454342131
15,"flexible","q50",12,0.0624424957675762
15,"flexible","q90",0.25,11.349665743264
15,"flexible","q90",0.5,10.045911576935
15,"flexible","q90",1,7.99483624411714
15,"flexible","q90",2,5.49752899574624
15,"flexible","q90",4,2.94049757560354
15,"flexible","q90",8,0.953054279546852
15,"flexible","q90",12,0.320160647628245
16,"truth","q10",0.25,6.24774377225268
16,"truth","q10",0.5,5.62323908157432
16,"truth","q10",1,4.4643676499867
16,"truth","q10",2,2.57899725097421
16,"truth","q10",4,0.733966799028824
16,"truth","q10",8,0.0543969688640314
16,"truth","q10",12,0.00392562031931134
16,"truth","q50",0.25,8.48067086584799
16,"truth","q50",0.5,7.58197373655724
16,"truth","q50",1,6.05096989107465
16,"truth","q50",2,3.92836790594524
16,"truth","q50",4,1.68813448818037
16,"truth","q50",8,0.306565548150483
16,"truth","q50",12,0.0557052827728727
16,"truth","q90",0.25,11.464796581399
16,"truth","q90",0.5,10.1462773962201
16,"truth","q90",1,8.08004671556735
16,"truth","q90",2,5.55451076010246
16,"truth","q90",4,2.94369364738675
16,"truth","q90",8,0.926657074380812
16,"truth","q90",12,0.301350108447867
16,"gaussian","q10",0.25,6.38650582089662
16,"gaussian","q10",0.5,5.70938719574477
16,"gaussian","q10",1,4.41769130417458
16,"gaussian","q10",2,2.37147942481145
16,"gaussian","q10",4,0.589171526786277
16,"gaussian","q10",8,0.0333210504657199
16,"gaussian","q10",12,0.00188114130417367
16,"gaussian","q50",0.25,8.56609189386771
16,"gaussian","q50",0.5,7.60175488708646
16,"gaussian","q50",1,5.98839994323188
16,"gaussian","q50",2,3.82140277927619
16,"gaussian","q50",4,1.56718131102285
16,"gaussian","q50",8,0.25832369375904
16,"gaussian","q50",12,0.0427232143997499
16,"gaussian","q90",0.25,11.4162090311781
16,"gaussian","q90",0.5,10.0222454414888
16,"gaussian","q90",1,7.93956449291379
16,"gaussian","q90",2,5.42138305581166
16,"gaussian","q90",4,2.8735383468435
16,"gaussian","q90",8,0.886088171867441
16,"gaussian","q90",12,0.28320923813579
16,"flexible","q10",0.25,6.47478480204355
16,"flexible","q10",0.5,5.85098067061009
16,"flexible","q10",1,4.68850161243342
16,"flexible","q10",2,2.73550430808064
16,"flexible","q10",4,0.787146898792395
16,"flexible","q10",8,0.0594794373446681
16,"flexible","q10",12,0.00443185870451279
16,"flexible","q50",0.25,8.69054537018015
16,"flexible","q50",0.5,7.79126639106098
16,"flexible","q50",1,6.24564454887062
16,"flexible","q50",2,4.0953282272609
16,"flexible","q50",4,1.79506910676612
16,"flexible","q50",8,0.338701850794516
16,"flexible","q50",12,0.0637776148267965
16,"flexible","q90",0.25,11.6073288891319
16,"flexible","q90",0.5,10.2557852631413
16,"flexible","q90",1,8.20061679990496
16,"flexible","q90",2,5.67643650445508
16,"flexible","q90",4,3.07511619327998
16,"flexible","q90",8,1.00867673177876
16,"flexible","q90",12,0.339639622400257
17,"truth","q10",0.25,6.24774377225268
17,"truth","q10",0.5,5.62323908157432
17,"truth","q10",1,4.4643676499867
17,"truth","q10",2,2.57899725097421
17,"truth","q10",4,0.733966799028824
17,"truth","q10",8,0.0543969688640314
17,"truth","q10",12,0.00392562031931134
17,"truth","q50",0.25,8.48067086584799
17,"truth","q50",0.5,7.58197373655724
17,"truth","q50",1,6.05096989107465
17,"truth","q50",2,3.92836790594524
17,"truth","q50",4,1.68813448818037
17,"truth","q50",8,0.306565548150483
17,"truth","q50",12,0.0557052827728727
17,"truth","q90",0.25,11.464796581399
17,"truth","q90",0.5,10.1462773962201
17,"truth","q90",1,8.08004671556735
17,"truth","q90",2,5.55451076010246
17,"truth","q90",4,2.94369364738675
17,"truth","q90",8,0.926657074380812
17,"truth","q90",12,0.301350108447867
17,"gaussian","q10",0.25,6.26427366323289
17,"gaussian","q10",0.5,5.53699855733314
17,"gaussian","q10",1,4.16382775739075
17,"gaussian","q10",2,2.09450224427035
17,"gaussian","q10",4,0.465075601139033
17,"gaussian","q10",8,0.0213934718572702
17,"gaussian","q10",12,0.000959725774211392
17,"gaussian","q50",0.25,8.4064723022693
17,"gaussian","q50",0.5,7.39666584113411
17,"gaussian","q50",1,5.74394200662723
17,"gaussian","q50",2,3.57359931814576
17,"gaussian","q50",4,1.38320371930106
17,"gaussian","q50",8,0.203099112339986
17,"gaussian","q50",12,0.0298040894807851
17,"gaussian","q90",0.25,11.2005037254251
17,"gaussian","q90",0.5,9.79167294805297
17,"gaussian","q90",1,7.70491045903229
17,"gaussian","q90",2,5.20548013547823
17,"gaussian","q90",4,2.68410717789307
17,"gaussian","q90",8,0.780662184038522
17,"gaussian","q90",12,0.234343595782935
17,"flexible","q10",0.25,6.42580709124891
17,"flexible","q10",0.5,5.78329572513176
17,"flexible","q10",1,4.58326529877095
17,"flexible","q10",2,2.61286316052466
17,"flexible","q10",4,0.72209416669911
17,"flexible","q10",8,0.0508896502755736
17,"flexible","q10",12,0.00351421116098161
17,"flexible","q50",0.25,8.61337480640584
17,"flexible","q50",0.5,7.70143035068858
17,"flexible","q50",1,6.15061804316484
17,"flexible","q50",2,4.01217223187554
17,"flexible","q50",4,1.7344864864472
17,"flexible","q50",8,0.317449768512877
17,"flexible","q50",12,0.0582715152461696
17,"flexible","q90",0.25,11.4967069400587
17,"flexible","q90",0.5,10.1624858165902
17,"flexible","q90",1,8.13172866398187
17,"flexible","q90",2,5.64233290948308
17,"flexible","q90",4,3.05678413426622
17,"flexible","q90",8,0.995538822515788
17,"flexible","q90",12,0.3338331408885
18,"truth","q10",0.25,6.24774377225268
18,"truth","q10",0.5,5.62323908157432
18,"truth","q10",1,4.4643676499867
18,"truth","q10",2,2.57899725097421
18,"truth","q10",4,0.733966799028824
18,"truth","q10",8,0.0543969688640314
18,"truth","q10",12,0.00392562031931134
18,"truth","q50",0.25,8.48067086584799
18,"truth","q50",0.5,7.58197373655724
18,"truth","q50",1,6.05096989107465
18,"truth","q50",2,3.92836790594524
18,"truth","q50",4,1.68813448818037
18,"truth","q50",8,0.306565548150483
18,"truth","q50",12,0.0557052827728727
18,"truth","q90",0.25,11.464796581399
18,"truth","q90",0.5,10.1462773962201
18,"truth","q90",1,8.08004671556735
18,"truth","q90",2,5.55451076010246
18,"truth","q90",4,2.94369364738675
18,"truth","q90",8,0.926657074380812
18,"truth","q90",12,0.301350108447867
18,"gaussian","q10",0.25,6.55827836503586
18,"gaussian","q10",0.5,5.77228805009369
18,"gaussian","q10",1,4.30235946765451
18,"gaussian","q10",2,2.12068509053788
18,"gaussian","q10",4,0.45100663634983
18,"gaussian","q10",8,0.0190254179381176
18,"gaussian","q10",12,0.000779494193027131
18,"gaussian","q50",0.25,8.82435557418322
18,"gaussian","q50",0.5,7.73282465602106
18,"gaussian","q50",1,5.9691589682151
18,"gaussian","q50",2,3.66025599656379
18,"gaussian","q50",4,1.37834660262537
18,"gaussian","q50",8,0.191837534502902
18,"gaussian","q50",12,0.0266933856415914
18,"gaussian","q90",0.25,11.8194346565036
18,"gaussian","q90",0.5,10.2903259236457
18,"gaussian","q90",1,8.05072489941739
18,"gaussian","q90",2,5.37174211938784
18,"gaussian","q90",4,2.7122811329978
18,"gaussian","q90",8,0.75629664768892
18,"gaussian","q90",12,0.217869653173371
18,"flexible","q10",0.25,6.64869999291268
18,"flexible","q10",0.5,5.98275576589938
18,"flexible","q10",1,4.75084620444279
18,"flexible","q10",2,2.7215580320008
18,"flexible","q10",4,0.760414010780649
18,"flexible","q10",8,0.0546236176245825
18,"flexible","q10",12,0.0038372874466987
18,"flexible","q50",0.25,8.9522821527909
18,"flexible","q50",0.5,8.00416891151878
18,"flexible","q50",1,6.38881850240884
18,"flexible","q50",2,4.15580252408077
18,"flexible","q50",4,1.79079050482416
18,"flexible","q50",8,0.324865199943472
18,"flexible","q50",12,0.0591713080371259
18,"flexible","q90",0.25,12.0181977271637
18,"flexible","q90",0.5,10.6303297904039
18,"flexible","q90",1,8.47241512251141
18,"flexible","q90",2,5.85054857977095
18,"flexible","q90",4,3.1314389909282
18,"flexible","q90",8,1.00025574381078
18,"flexible","q90",12,0.329361199536349
19,"truth","q10",0.25,6.24774377225268
19,"truth","q10",0.5,5.62323908157432
19,"truth","q10",1,4.4643676499867
19,"truth","q10",2,2.57899725097421
19,"truth","q10",4,0.733966799028824
19,"truth","q10",8,0.0543969688640314
19,"truth","q10",12,0.00392562031931134
19,"truth","q50",0.25,8.48067086584799
19,"truth","q50",0.5,7.58197373655724
19,"truth","q50",1,6.05096989107465
19,"truth","q50",2,3.92836790594524
19,"truth","q50",4,1.68813448818037
19,"truth","q50",8,0.306565548150483
19,"truth","q50",12,0.0557052827728727
19,"truth","q90",0.25,11.464796581399
19,"truth","q90",0.5,10.1462773962201
19,"truth","q90",1,8.08004671556735
19,"truth","q90",2,5.55451076010246
19,"truth","q90",4,2.94369364738675
19,"truth","q90",8,0.926657074380812
19,"truth","q90",12,0.301350108447867
19,"gaussian","q10",0.25,6.05268833036962
19,"gaussian","q10",0.5,5.31364320809747
19,"gaussian","q10",1,3.9112373629606
19,"gaussian","q10",2,1.87181773767579
19,"gaussian","q10",4,0.36658061030507
19,"gaussian","q10",8,0.012999310976738
19,"gaussian","q10",12,0.000456407214561188
19,"gaussian","q50",0.25,8.22758099396887
19,"gaussian","q50",0.5,7.17333804677502
19,"gaussian","q50",1,5.48349658866565
19,"gaussian","q50",2,3.30295865661705
19,"gaussian","q50",4,1.19724722756394
19,"gaussian","q50",8,0.153501698037602
19,"gaussian","q50",12,0.0198394856764275
19,"gaussian","q90",0.25,11.1281715666424
19,"gaussian","q90",0.5,9.59970431814611
19,"gaussian","q90",1,7.41020991568562
19,"gaussian","q90",2,4.86436658110889
19,"gaussian","q90",4,2.39860477758736
19,"gaussian","q90",8,0.647178572038877
19,"gaussian","q90",12,0.179221187981608
19,"flexible","q10",0.25,6.22321125956337
19,"flexible","q10",0.5,5.59806453282638
19,"flexible","q10",1,4.40848658868207
19,"flexible","q10",2,2.45812681828238
19,"flexible","q10",4,0.636154474566172
19,"flexible","q10",8,0.0389628041370737
19,"flexible","q10",12,0.00233281537630835
19,"flexible","q50",0.25,8.46223379598649
19,"flexible","q50",0.5,7.5141968105563
19,"flexible","q50",1,5.92652895306188
19,"flexible","q50",2,3.76813961075971
19,"flexible","q50",4,1.55524610016198
19,"flexible","q50",8,0.260068218368399
19,"flexible","q50",12,0.0431265180132174
19,"flexible","q90",0.25,11.4387369337555
19,"flexible","q90",0.5,10.0125161970251
19,"flexible","q90",1,7.85306811380259
19,"flexible","q90",2,5.29307784903471
19,"flexible","q90",4,2.75920439838945
19,"flexible","q90",8,0.839937227022733
19,"flexible","q90",12,0.264395112726193
20,"truth","q10",0.25,6.24774377225268
20,"truth","q10",0.5,5.62323908157432
20,"truth","q10",1,4.4643676499867
20,"truth","q10",2,2.57899725097421
20,"truth","q10",4,0.733966799028824
20,"truth","q10",8,0.0543969688640314
20,"truth","q10",12,0.00392562031931134
20,"truth","q50",0.25,8.48067086584799
20,"truth","q50",0.5,7.58197373655724
20,"truth","q50",1,6.05096989107465
20,"truth","q50",2,3.92836790594524
20,"truth","q50",4,1.68813448818037
20,"truth","q50",8,0.306565548150483
20,"truth","q50",12,0.0557052827728727
20,"truth","q90",0.25,11.464796581399
20,"truth","q90",0.5,10.1462773962201
20,"truth","q90",1,8.08004671556735
20,"truth","q90",2,5.55451076010246
20,"truth","q90",4,2.94369364738675
20,"truth","q90",8,0.926657074380812
20,"truth","q90",12,0.301350108447867
20,"gaussian","q10",0.25,6.11891283107954
20,"gaussian","q10",0.5,5.35136907352166
20,"gaussian","q10",1,3.94813274679458
20,"gaussian","q10",2,1.9434049126883
20,"gaussian","q10",4,0.420267113503618
20,"gaussian","q10",8,0.0182531183168906
20,"gaussian","q10",12,0.00077225576965029
20,"gaussian","q50",0.25,8.2941612714293
20,"gaussian","q50",0.5,7.25978665879429
20,"gaussian","q50",1,5.57710924533211
20,"gaussian","q50",2,3.35510798855305
20,"gaussian","q50",4,1.22416390080077
20,"gaussian","q50",8,0.16087295442285
20,"gaussian","q50",12,0.0210875340821625
20,"gaussian","q90",0.25,11.1906725224764
20,"gaussian","q90",0.5,9.76931064204991
20,"gaussian","q90",1,7.62481139012036
20,"gaussian","q90",2,5.02142009987941
20,"gaussian","q90",4,2.42259486104784
20,"gaussian","q90",8,0.618387524164326
20,"gaussian","q90",12,0.161879810108828
20,"flexible","q10",0.25,6.32277019370987
20,"flexible","q10",0.5,5.62932138947906
20,"flexible","q10",1,4.36765544060474
20,"flexible","q10",2,2.42753475257742
20,"flexible","q10",4,0.649313423178013
20,"flexible","q10",8,0.0426486616279094
20,"flexible","q10",12,0.00273874230446689
20,"flexible","q50",0.25,8.54284882847007
20,"flexible","q50",0.5,7.58357379903853
20,"flexible","q50",1,5.97612599037449
20,"flexible","q50",2,3.77307639342724
20,"flexible","q50",4,1.53078292355928
20,"flexible","q50",8,0.24687845907583
20,"flexible","q50",12,0.0399410778213749
20,"flexible","q90",0.25,11.5142699980805
20,"flexible","q90",0.5,10.1644513066371
20,"flexible","q90",1,8.04958920614495
20,"flexible","q90",2,5.439837422476
20,"flexible","q90",4,2.75450965637564
20,"flexible","q90",8,0.785121060528966
20,"flexible","q90",12,0.229872911748687
21,"truth","q10",0.25,6.24774377225268
21,"truth","q10",0.5,5.62323908157432
21,"truth","q10",1,4.4643676499867
21,"truth","q10",2,2.57899725097421
21,"truth","q10",4,0.733966799028824
21,"truth","q10",8,0.0543969688640314
21,"truth","q10",12,0.00392562031931134
21,"truth","q50",0.25,8.48067086584799
21,"truth","q50",0.5,7.58197373655724
21,"truth","q50",1,6.05096989107465
21,"truth","q50",2,3.92836790594524
21,"truth","q50",4,1.68813448818037
21,"truth","q50",8,0.306565548150483
21,"truth","q50",12,0.0557052827728727
21,"truth","q90",0.25,11.464796581399
21,"truth","q90",0.5,10.1462773962201
21,"truth","q90",1,8.08004671556735
21,"truth","q90",2,5.55451076010246
21,"truth","q90",4,2.94369364738675
21,"truth","q90",8,0.926657074380812
21,"truth","q90",12,0.301350108447867
21,"gaussian","q10",0.25,6.14460045571975
21,"gaussian","q10",0.5,5.46422269847461
21,"gaussian","q10",1,4.16404392148709
21,"gaussian","q10",2,2.17305283144192
21,"gaussian","q10",4,0.515796334408619
21,"gaussian","q10",8,0.026900765514627
21,"gaussian","q10",12,0.00137648465174803
21,"gaussian","q50",0.25,8.25926612618578
21,"gaussian","q50",0.5,7.30192891149939
21,"gaussian","q50",1,5.71292931383056
21,"gaussian","q50",2,3.60016969646735
21,"gaussian","q50",4,1.43312186584962
21,"gaussian","q50",8,0.223496501131933
21,"gaussian","q50",12,0.0348222237752664
21,"gaussian","q90",0.25,11.0238970937917
21,"gaussian","q90",0.5,9.66488842915575
21,"gaussian","q90",1,7.63093371035855
21,"gaussian","q90",2,5.17440234435414
21,"gaussian","q90",4,2.69504070356472
21,"gaussian","q90",8,0.801032529636692
21,"gaussian","q90",12,0.245507059183948
21,"flexible","q10",0.25,6.30175324433155
21,"flexible","q10",0.5,5.69172003560317
21,"flexible","q10",1,4.55721479770131
21,"flexible","q10",2,2.66159077552136
21,"flexible","q10",4,0.772405268537403
21,"flexible","q10",8,0.0595321143116065
21,"flexible","q10",12,0.00452473515061343
21,"flexible","q50",0.25,8.44765005274759
21,"flexible","q50",0.5,7.57683389632853
21,"flexible","q50",1,6.08285865011268
21,"flexible","q50",2,3.99969410465394
21,"flexible","q50",4,1.76065561470858
21,"flexible","q50",8,0.335852608371792
21,"flexible","q50",12,0.0641173010652576
21,"flexible","q90",0.25,11.2759654898082
21,"flexible","q90",0.5,9.98771062438721
21,"flexible","q90",1,8.00217672339059
21,"flexible","q90",2,5.56233883910563
21,"flexible","q90",4,3.02516818877006
21,"flexible","q90",8,0.997432609448104
21,"flexible","q90",12,0.339234569143243
22,"truth","q10",0.25,6.24774377225268
22,"truth","q10",0.5,5.62323908157432
22,"truth","q10",1,4.4643676499867
22,"truth","q10",2,2.57899725097421
22,"truth","q10",4,0.733966799028824
22,"truth","q10",8,0.0543969688640314
22,"truth","q10",12,0.00392562031931134
22,"truth","q50",0.25,8.48067086584799
22,"truth","q50",0.5,7.58197373655724
22,"truth","q50",1,6.05096989107465
22,"truth","q50",2,3.92836790594524
22,"truth","q50",4,1.68813448818037
22,"truth","q50",8,0.306565548150483
22,"truth","q50",12,0.0557052827728727
22,"truth","q90",0.25,11.464796581399
22,"truth","q90",0.5,10.1462773962201
22,"truth","q90",1,8.08004671556735
22,"truth","q90",2,5.55451076010246
22,"truth","q90",4,2.94369364738675
22,"truth","q90",8,0.926657074380812
22,"truth","q90",12,0.301350108447867
22,"gaussian","q10",0.25,6.0658675083015
22,"gaussian","q10",0.5,5.41478707245267
22,"gaussian","q10",1,4.17736819445704
22,"gaussian","q10",2,2.24364368234792
22,"gaussian","q10",4,0.564524922770033
22,"gaussian","q10",8,0.0327657064196307
22,"gaussian","q10",12,0.00183150604455999
22,"gaussian","q50",0.25,8.27644652456877
22,"gaussian","q50",0.5,7.32991480417598
22,"gaussian","q50",1,5.7642256865829
22,"gaussian","q50",2,3.63169581696536
22,"gaussian","q50",4,1.46544325574579
22,"gaussian","q50",8,0.233673419628212
22,"gaussian","q50",12,0.0372733132314538
22,"gaussian","q90",0.25,11.2215754138911
22,"gaussian","q90",0.5,9.85051245388324
22,"gaussian","q90",1,7.76929731777248
22,"gaussian","q90",2,5.24174903240241
22,"gaussian","q90",4,2.68842046825823
22,"gaussian","q90",8,0.785468926722018
22,"gaussian","q90",12,0.238112122191631
22,"flexible","q10",0.25,6.26989999905086
22,"flexible","q10",0.5,5.66871046979633
22,"flexible","q10",1,4.55617855444214
22,"flexible","q10",2,2.71054810189104
22,"flexible","q10",4,0.814085808119157
22,"flexible","q10",8,0.0663191782867909
22,"flexible","q10",12,0.00529122664152626
22,"flexible","q50",0.25,8.52868834232138
22,"flexible","q50",0.5,7.65267853128677
22,"flexible","q50",1,6.14325627936329
22,"flexible","q50",2,4.02926653678289
22,"flexible","q50",4,1.77339353580645
22,"flexible","q50",8,0.337621742528125
22,"flexible","q50",12,0.064321705502927
22,"flexible","q90",0.25,11.5474373857487
22,"flexible","q90",0.5,10.2437891057818
22,"flexible","q90",1,8.18076989330637
22,"flexible","q90",2,5.63418414786579
22,"flexible","q90",4,3.00515122251988
22,"flexible","q90",8,0.962912699077044
22,"flexible","q90",12,0.319706121024742
23,"truth","q10",0.25,6.24774377225268
23,"truth","q10",0.5,5.62323908157432
23,"truth","q10",1,4.4643676499867
23,"truth","q10",2,2.57899725097421
23,"truth","q10",4,0.733966799028824
23,"truth","q10",8,0.0543969688640314
23,"truth","q10",12,0.00392562031931134
23,"truth","q50",0.25,8.48067086584799
23,"truth","q50",0.5,7.58197373655724
23,"truth","q50",1,6.05096989107465
23,"truth","q50",2,3.92836790594524
23,"truth","q50",4,1.68813448818037
23,"truth","q50",8,0.306565548150483
23,"truth","q50",12,0.0557052827728727
23,"truth","q90",0.25,11.464796581399
23,"truth","q90",0.5,10.1462773962201
23,"truth","q90",1,8.08004671556735
23,"truth","q90",2,5.55451076010246
23,"truth","q90",4,2.94369364738675
23,"truth","q90",8,0.926657074380812
23,"truth","q90",12,0.301350108447867
23,"gaussian","q10",0.25,5.96001339448261
23,"gaussian","q10",0.5,5.33819972757337
23,"gaussian","q10",1,4.12975804053644
23,"gaussian","q10",2,2.22617027866929
23,"gaussian","q10",4,0.563528833807152
23,"gaussian","q10",8,0.0328697241823693
23,"gaussian","q10",12,0.00190467929013916
23,"gaussian","q50",0.25,7.99543917402887
23,"gaussian","q50",0.5,7.10164557028797
23,"gaussian","q50",1,5.6112794219856
23,"gaussian","q50",2,3.5938280069407
23,"gaussian","q50",4,1.48079847233166
23,"gaussian","q50",8,0.247742285521739
23,"gaussian","q50",12,0.0414309409012582
23,"gaussian","q90",0.25,10.6267137132391
23,"gaussian","q90",0.5,9.35164861430943
23,"gaussian","q90",1,7.43211068090822
23,"gaussian","q90",2,5.09910377854623
23,"gaussian","q90",4,2.71463675989306
23,"gaussian","q90",8,0.845111570349415
23,"gaussian","q90",12,0.271706020258327
23,"flexible","q10",0.25,6.18375574631796
23,"flexible","q10",0.5,5.60715418552176
23,"flexible","q10",1,4.50305202096368
23,"flexible","q10",2,2.64001896038824
23,"flexible","q10",4,0.769967081934445
23,"flexible","q10",8,0.0600090442084145
23,"flexible","q10",12,0.00457072801249414
23,"flexible","q50",0.25,8.2638224891395
23,"flexible","q50",0.5,7.41505522597576
23,"flexible","q50",1,5.96525942993315
23,"flexible","q50",2,3.93907821187712
23,"flexible","q50",4,1.74871438542349
23,"flexible","q50",8,0.338894704848165
23,"flexible","q50",12,0.0655319563271236
23,"flexible","q90",0.25,10.9728799319615
23,"flexible","q90",0.5,9.7213621023094
23,"flexible","q90",1,7.79652320857044
23,"flexible","q90",2,5.43234637525893
23,"flexible","q90",4,2.98455685947782
23,"flexible","q90",8,1.00210540630929
23,"flexible","q90",12,0.346598615127028
24,"truth","q10",0.25,6.24774377225268
24,"truth","q10",0.5,5.62323908157432
24,"truth","q10",1,4.4643676499867
24,"truth","q10",2,2.57899725097421
24,"truth","q10",4,0.733966799028824
24,"truth","q10",8,0.0543969688640314
24,"truth","q10",12,0.00392562031931134
24,"truth","q50",0.25,8.48067086584799
24,"truth","q50",0.5,7.58197373655724
24,"truth","q50",1,6.05096989107465
24,"truth","q50",2,3.92836790594524
24,"truth","q50",4,1.68813448818037
24,"truth","q50",8,0.306565548150483
24,"truth","q50",12,0.0557052827728727
24,"truth","q90",0.25,11.464796581399
24,"truth","q90",0.5,10.1462773962201
24,"truth","q90",1,8.08004671556735
24,"truth","q90",2,5.55451076010246
24,"truth","q90",4,2.94369364738675
24,"truth","q90",8,0.926657074380812
24,"truth","q90",12,0.301350108447867
24,"gaussian","q10",0.25,6.0128696024456
24,"gaussian","q10",0.5,5.31577275432122
24,"gaussian","q10",1,4.0075641689125
24,"gaussian","q10",2,2.06261934541598
24,"gaussian","q10",4,0.480716461425694
24,"gaussian","q10",8,0.0241854277264623
24,"gaussian","q10",12,0.00117617681773383
24,"gaussian","q50",0.25,8.19218242030241
24,"gaussian","q50",0.5,7.21103560973586
24,"gaussian","q50",1,5.59826625483794
24,"gaussian","q50",2,3.43891323803458
24,"gaussian","q50",4,1.31333038565956
24,"gaussian","q50",8,0.188776035949215
24,"gaussian","q50",12,0.0270244764256539
24,"gaussian","q90",0.25,11.10488605804
24,"gaussian","q90",0.5,9.71067538809152
24,"gaussian","q90",1,7.60777542934575
24,"gaussian","q90",2,5.05536607152375
24,"gaussian","q90",4,2.50001203435719
24,"gaussian","q90",8,0.674145406404338
24,"gaussian","q90",12,0.189388844692578
24,"flexible","q10",0.25,6.19525056940058
24,"flexible","q10",0.5,5.54983873849821
24,"flexible","q10",1,4.36474657145589
24,"flexible","q10",2,2.4909608085718
24,"flexible","q10",4,0.692514995001284
24,"flexible","q10",8,0.0487887051027744
24,"flexible","q10",12,0.00335827947159774
24,"flexible","q50",0.25,8.41855024150703
24,"flexible","q50",0.5,7.50030973990144
24,"flexible","q50",1,5.93940669463352
24,"flexible","q50",2,3.79384035179038
24,"flexible","q50",4,1.5775376498485
24,"flexible","q50",8,0.267946304596085
24,"flexible","q50",12,0.0456140338584411
24,"flexible","q90",0.25,11.3941489850082
24,"flexible","q90",0.5,10.0640010930666
24,"flexible","q90",1,7.96868543038987
24,"flexible","q90",2,5.39583231342514
24,"flexible","q90",4,2.76855277570276
24,"flexible","q90",8,0.815033942085305
24,"flexible","q90",12,0.247842968372588
25,"truth","q10",0.25,6.24774377225268
25,"truth","q10",0.5,5.62323908157432
25,"truth","q10",1,4.4643676499867
25,"truth","q10",2,2.57899725097421
25,"truth","q10",4,0.733966799028824
25,"truth","q10",8,0.0543969688640314
25,"truth","q10",12,0.00392562031931134
25,"truth","q50",0.25,8.48067086584799
25,"truth","q50",0.5,7.58197373655724
25,"truth","q50",1,6.05096989107465
25,"truth","q50",2,3.92836790594524
25,"truth","q50",4,1.68813448818037
25,"truth","q50",8,0.306565548150483
25,"truth","q50",12,0.0557052827728727
25,"truth","q90",0.25,11.464796581399
25,"truth","q90",0.5,10.1462773962201
25,"truth","q90",1,8.08004671556735
25,"truth","q90",2,5.55451076010246
25,"truth","q90",4,2.94369364738675
25,"truth","q90",8,0.926657074380812
25,"truth","q90",12,0.301350108447867
25,"gaussian","q10",0.25,6.07542344271273
25,"gaussian","q10",0.5,5.44993264062026
25,"gaussian","q10",1,4.25248430182518
25,"gaussian","q10",2,2.33856139490431
25,"gaussian","q10",4,0.612413187018945
25,"gaussian","q10",8,0.0386160062495376
25,"gaussian","q10",12,0.00238277436521057
25,"gaussian","q50",0.25,8.22816947086251
25,"gaussian","q50",0.5,7.32637382725917
25,"gaussian","q50",1,5.82388868314648
25,"gaussian","q50",2,3.758308024427
25,"gaussian","q50",4,1.58758047577973
25,"gaussian","q50",8,0.278372409075166
25,"gaussian","q50",12,0.0487087363385978
25,"gaussian","q90",0.25,11.0901673829978
25,"gaussian","q90",0.5,9.79082324965652
25,"gaussian","q90",1,7.80460422603495
25,"gaussian","q90",2,5.38364735283841
25,"gaussian","q90",4,2.88637646181173
25,"gaussian","q90",8,0.921651644201257
25,"gaussian","q90",12,0.303557521623387
25,"flexible","q10",0.25,6.179503461433
25,"flexible","q10",0.5,5.60460051813172
25,"flexible","q10",1,4.51599883126813
25,"flexible","q10",2,2.68830350796438
25,"flexible","q10",4,0.806529030731504
25,"flexible","q10",8,0.0659289467586883
25,"flexible","q10",12,0.00528277153807265
25,"flexible","q50",0.25,8.36089856178354
25,"flexible","q50",0.5,7.51956525898429
25,"flexible","q50",1,6.07244147100667
25,"flexible","q50",2,4.0340774535499
25,"flexible","q50",4,1.82123042851504
25,"flexible","q50",8,0.364304867740421
25,"flexible","q50",12,0.0730415486936275
25,"flexible","q90",0.25,11.2620235463998
25,"flexible","q90",0.5,10.0127057563283
25,"flexible","q90",1,8.04789332808425
25,"flexible","q90",2,5.63484053819107
25,"flexible","q90",4,3.1061988927781
25,"flexible","q90",8,1.0593708800811
25,"flexible","q90",12,0.373412457496181
26,"truth","q10",0.25,6.24774377225268
26,"truth","q10",0.5,5.62323908157432
26,"truth","q10",1,4.4643676499867
26,"truth","q10",2,2.57899725097421
26,"truth","q10",4,0.733966799028824
26,"truth","q10",8,0.0543969688640314
26,"truth","q10",12,0.00392562031931134
26,"truth","q50",0.25,8.48067086584799
26,"truth","q50",0.5,7.58197373655724
26,"truth","q50",1,6.05096989107465
26,"truth","q50",2,3.92836790594524
26,"truth","q50",4,1.68813448818037
26,"truth","q50",8,0.306565548150483
26,"truth","q50",12,0.0557052827728727
26,"truth","q90",0.25,11.464796581399
26,"truth","q90",0.5,10.1462773962201
26,"truth","q90",1,8.08004671556735
26,"truth","q90",2,5.55451076010246
26,"truth","q90",4,2.94369364738675
26,"truth","q90",8,0.926657074380812
26,"truth","q90",12,0.301350108447867
26,"gaussian","q10",0.25,6.07686490990434
26,"gaussian","q10",0.5,5.32601725976645
26,"gaussian","q10",1,3.9163977463997
26,"gaussian","q10",2,1.8714269213192
26,"gaussian","q10",4,0.372865666798052
26,"gaussian","q10",8,0.0137722621456878
26,"gaussian","q10",12,0.000497574443274336
26,"gaussian","q50",0.25,8.32147036032068
26,"gaussian","q50",0.5,7.26567416556004
26,"gaussian","q50",1,5.57469072341478
26,"gaussian","q50",2,3.37964552705896
26,"gaussian","q50",4,1.24686298206626
26,"gaussian","q50",8,0.165941429968233
26,"gaussian","q50",12,0.0219687473034862
26,"gaussian","q90",0.25,11.3337362482805
26,"gaussian","q90",0.5,9.84283567336278
26,"gaussian","q90",1,7.66691986096963
26,"gaussian","q90",2,5.10123211293954
26,"gaussian","q90",4,2.56498164884359
26,"gaussian","q90",8,0.713002432767578
26,"gaussian","q90",12,0.20465379876111
26,"flexible","q10",0.25,6.18880421442501
26,"flexible","q10",0.5,5.52109708299686
26,"flexible","q10",1,4.28184497435925
26,"flexible","q10",2,2.31049862729104
26,"flexible","q10",4,0.56533694028474
26,"flexible","q10",8,0.0316156790114743
26,"flexible","q10",12,0.00171657783089675
26,"flexible","q50",0.25,8.4650970478964
26,"flexible","q50",0.5,7.50055538226848
26,"flexible","q50",1,5.89289891321492
26,"flexible","q50",2,3.72487557065875
26,"flexible","q50",4,1.5143522203543
26,"flexible","q50",8,0.244081015447081
26,"flexible","q50",12,0.0394245533132137
26,"flexible","q90",0.25,11.5330419658427
26,"flexible","q90",0.5,10.1230982890963
26,"flexible","q90",1,7.97435418634865
26,"flexible","q90",2,5.41956303563575
26,"flexible","q90",4,2.82942937485772
26,"flexible","q90",8,0.859979004459818
26,"flexible","q90",12,0.269324482698702
27,"truth","q10",0.25,6.24774377225268
27,"truth","q10",0.5,5.62323908157432
27,"truth","q10",1,4.4643676499867
27,"truth","q10",2,2.57899725097421
27,"truth","q10",4,0.733966799028824
27,"truth","q10",8,0.0543969688640314
27,"truth","q10",12,0.00392562031931134
27,"truth","q50",0.25,8.48067086584799
27,"truth","q50",0.5,7.58197373655724
27,"truth","q50",1,6.05096989107465
27,"truth","q50",2,3.92836790594524
27,"truth","q50",4,1.68813448818037
27,"truth","q50",8,0.306565548150483
27,"truth","q50",12,0.0557052827728727
27,"truth","q90",0.25,11.464796581399
27,"truth","q90",0.5,10.1462773962201
27,"truth","q90",1,8.08004671556735
27,"truth","q90",2,5.55451076010246
27,"truth","q90",4,2.94369364738675
27,"truth","q90",8,0.926657074380812
27,"truth","q90",12,0.301350108447867
27,"gaussian","q10",0.25,6.01239970878504
27,"gaussian","q10",0.5,5.2151194882162
27,"gaussian","q10",1,3.75625785049627
27,"gaussian","q10",2,1.73811750429613
27,"gaussian","q10",4,0.332117317616485
27,"gaussian","q10",8,0.0113633211511666
27,"gaussian","q10",12,0.000385767696783721
27,"gaussian","q50",0.25,8.10776290713516
27,"gaussian","q50",0.5,7.05547085402031
27,"gaussian","q50",1,5.37892572630846
27,"gaussian","q50",2,3.21141003194841
27,"gaussian","q50",4,1.13789040147748
27,"gaussian","q50",8,0.141129964873087
27,"gaussian","q50",12,0.0175134781521781
27,"gaussian","q90",0.25,10.8516993554644
27,"gaussian","q90",0.5,9.43033541899566
27,"gaussian","q90",1,7.35201869775861
27,"gaussian","q90",2,4.86726967522879
27,"gaussian","q90",4,2.38518653381164
27,"gaussian","q90",8,0.621002452560326
27,"gaussian","q90",12,0.167832256035482
27,"flexible","q10",0.25,6.23466732312239
27,"flexible","q10",0.5,5.54382378265086
27,"flexible","q10",1,4.27612003555201
27,"flexible","q10",2,2.3009710489387
27,"flexible","q10",4,0.575659499009198
27,"flexible","q10",8,0.0334974753995241
27,"flexible","q10",12,0.00192618261751029
27,"flexible","q50",0.25,8.38551559512076
27,"flexible","q50",0.5,7.4259748046842
27,"flexible","q50",1,5.83292054218336
27,"flexible","q50",2,3.68163667277192
27,"flexible","q50",4,1.48191764507312
27,"flexible","q50",8,0.235493786350555
27,"flexible","q50",12,0.0375794033997961
27,"flexible","q90",0.25,11.2065746798204
27,"flexible","q90",0.5,9.87276500666711
27,"flexible","q90",1,7.82004714233696
27,"flexible","q90",2,5.32455471510033
27,"flexible","q90",4,2.75050281048411
27,"flexible","q90",8,0.80837625816708
27,"flexible","q90",12,0.244748459979876
28,"truth","q10",0.25,6.24774377225268
28,"truth","q10",0.5,5.62323908157432
28,"truth","q10",1,4.4643676499867
28,"truth","q10",2,2.57899725097421
28,"truth","q10",4,0.733966799028824
28,"truth","q10",8,0.0543969688640314
28,"truth","q10",12,0.00392562031931134
28,"truth","q50",0.25,8.48067086584799
28,"truth","q50",0.5,7.58197373655724
28,"truth","q50",1,6.05096989107465
28,"truth","q50",2,3.92836790594524
28,"truth","q50",4,1.68813448818037
28,"truth","q50",8,0.306565548150483
28,"truth","q50",12,0.0557052827728727
28,"truth","q90",0.25,11.464796581399
28,"truth","q90",0.5,10.1462773962201
28,"truth","q90",1,8.08004671556735
28,"truth","q90",2,5.55451076010246
28,"truth","q90",4,2.94369364738675
28,"truth","q90",8,0.926657074380812
28,"truth","q90",12,0.301350108447867
28,"gaussian","q10",0.25,5.85422660213491
28,"gaussian","q10",0.5,5.24162525232055
28,"gaussian","q10",1,4.05378501995756
28,"gaussian","q10",2,2.1900410952719
28,"gaussian","q10",4,0.548169696809336
28,"gaussian","q10",8,0.0311481485034406
28,"gaussian","q10",12,0.00174063108346991
28,"gaussian","q50",0.25,8.10230780988192
28,"gaussian","q50",0.5,7.18841424668188
28,"gaussian","q50",1,5.67444650429846
28,"gaussian","q50",2,3.6038311699857
28,"gaussian","q50",4,1.48224761658482
28,"gaussian","q50",8,0.246396082037595
28,"gaussian","q50",12,0.0405661065946561
28,"gaussian","q90",0.25,11.1679314642371
28,"gaussian","q90",0.5,9.81398946911302
28,"gaussian","q90",1,7.75994044897289
28,"gaussian","q90",2,5.28844548946711
28,"gaussian","q90",4,2.771592601938
28,"gaussian","q90",8,0.855125508680786
28,"gaussian","q90",12,0.27343590357741
28,"flexible","q10",0.25,6.10048578067068
28,"flexible","q10",0.5,5.53257426642986
28,"flexible","q10",1,4.45929954449651
28,"flexible","q10",2,2.67017104974821
28,"flexible","q10",4,0.797795221717617
28,"flexible","q10",8,0.0639979307181072
28,"flexible","q10",12,0.00502792295690769
28,"flexible","q50",0.25,8.43206106965302
28,"flexible","q50",0.5,7.57640155536545
28,"flexible","q50",1,6.1016250274004
28,"flexible","q50",2,4.03746640981941
28,"flexible","q50",4,1.81313193549484
28,"flexible","q50",8,0.359144231526467
28,"flexible","q50",12,0.0708003659253921
28,"flexible","q90",0.25,11.6061084717751
28,"flexible","q90",0.5,10.3046605134102
28,"flexible","q90",1,8.25294371272112
28,"flexible","q90",2,5.73453150656051
28,"flexible","q90",4,3.12300855051309
28,"flexible","q90",8,1.05385746566788
28,"flexible","q90",12,0.369012076864048
29,"truth","q10",0.25,6.24774377225268
29,"truth","q10",0.5,5.62323908157432
29,"truth","q10",1,4.4643676499867
29,"truth","q10",2,2.57899725097421
29,"truth","q10",4,0.733966799028824
29,"truth","q10",8,0.0543969688640314
29,"truth","q10",12,0.00392562031931134
29,"truth","q50",0.25,8.48067086584799
29,"truth","q50",0.5,7.58197373655724
29,"truth","q50",1,6.05096989107465
29,"truth","q50",2,3.92836790594524
29,"truth","q50",4,1.68813448818037
29,"truth","q50",8,0.306565548150483
29,"truth","q50",12,0.0557052827728727
29,"truth","q90",0.25,11.464796581399
29,"truth","q90",0.5,10.1462773962201
29,"truth","q90",1,8.08004671556735
29,"truth","q90",2,5.55451076010246
29,"truth","q90",4,2.94369364738675
29,"truth","q90",8,0.926657074380812
29,"truth","q90",12,0.301350108447867
29,"gaussian","q10",0.25,5.91167846530087
29,"gaussian","q10",0.5,5.28514047376259
29,"gaussian","q10",1,4.0763037968528
29,"gaussian","q10",2,2.17452257781797
29,"gaussian","q10",4,0.523654902097924
29,"gaussian","q10",8,0.0274063147022834
29,"gaussian","q10",12,0.00139152898269538
29,"gaussian","q50",0.25,8.24839341232503
29,"gaussian","q50",0.5,7.28404019438218
29,"gaussian","q50",1,5.6969619443248
29,"gaussian","q50",2,3.55542271283144
29,"gaussian","q50",4,1.4147813925003
29,"gaussian","q50",8,0.218462179595956
29,"gaussian","q50",12,0.0337260773672881
29,"gaussian","q90",0.25,11.4598134508508
29,"gaussian","q90",0.5,9.98712490098695
29,"gaussian","q90",1,7.78995780889744
29,"gaussian","q90",2,5.18752300751603
29,"gaussian","q90",4,2.62663188335331
29,"gaussian","q90",8,0.764111917928855
29,"gaussian","q90",12,0.231173143933334
29,"flexible","q10",0.25,6.09531208434736
29,"flexible","q10",0.5,5.52629403967047
29,"flexible","q10",1,4.45057467380255
29,"flexible","q10",2,2.65452505345922
29,"flexible","q10",4,0.775847057389945
29,"flexible","q10",8,0.0592432831019025
29,"flexible","q10",12,0.00442689797764053
29,"flexible","q50",0.25,8.49639992387076
29,"flexible","q50",0.5,7.60549997474112
29,"flexible","q50",1,6.08656364834386
29,"flexible","q50",2,3.96751515700187
29,"flexible","q50",4,1.73464314231949
29,"flexible","q50",8,0.325714795110973
29,"flexible","q50",12,0.0611239760222472
29,"flexible","q90",0.25,11.7876440096691
29,"flexible","q90",0.5,10.4140565244242
29,"flexible","q90",1,8.23196380722266
29,"flexible","q90",2,5.60415822203508
29,"flexible","q90",4,2.96027442273388
29,"flexible","q90",8,0.950814472381542
29,"flexible","q90",12,0.318217635032253
30,"truth","q10",0.25,6.24774377225268
30,"truth","q10",0.5,5.62323908157432
30,"truth","q10",1,4.4643676499867
30,"truth","q10",2,2.57899725097421
30,"truth","q10",4,0.733966799028824
30,"truth","q10",8,0.0543969688640314
30,"truth","q10",12,0.00392562031931134
30,"truth","q50",0.25,8.48067086584799
30,"truth","q50",0.5,7.58197373655724
30,"truth","q50",1,6.05096989107465
30,"truth","q50",2,3.92836790594524
30,"truth","q50",4,1.68813448818037
30,"truth","q50",8,0.306565548150483
30,"truth","q50",12,0.0557052827728727
30,"truth","q90",0.25,11.464796581399
30,"truth","q90",0.5,10.1462773962201
30,"truth","q90",1,8.08004671556735
30,"truth","q90",2,5.55451076010246
30,"truth","q90",4,2.94369364738675
30,"truth","q90",8,0.926657074380812
30,"truth","q90",12,0.301350108447867
30,"gaussian","q10",0.25,6.19386799021777
30,"gaussian","q10",0.5,5.47844233593787
30,"gaussian","q10",1,4.14016778256491
30,"gaussian","q10",2,2.12475860925588
30,"gaussian","q10",4,0.488968784689265
30,"gaussian","q10",8,0.0240593492463548
30,"gaussian","q10",12,0.00114703588692236
30,"gaussian","q50",0.25,8.43919799890602
30,"gaussian","q50",0.5,7.43002866964557
30,"gaussian","q50",1,5.78318255189254
30,"gaussian","q50",2,3.58176389070652
30,"gaussian","q50",4,1.38839503885886
30,"gaussian","q50",8,0.205449971692662
30,"gaussian","q50",12,0.0302533865084766
30,"gaussian","q90",0.25,11.4432461663343
30,"gaussian","q90",0.5,10.0175085065864
30,"gaussian","q90",1,7.87016982321317
30,"gaussian","q90",2,5.28472346825331
30,"gaussian","q90",4,2.67518625271107
30,"gaussian","q90",8,0.756110872299335
30,"gaussian","q90",12,0.221763712236185
30,"flexible","q10",0.25,6.35170918422752
30,"flexible","q10",0.5,5.70983381373237
30,"flexible","q10",1,4.52189751805864
30,"flexible","q10",2,2.60341922630977
30,"flexible","q10",4,0.733402645428414
30,"flexible","q10",8,0.0530886519999735
30,"flexible","q10",12,0.00379415436843502
30,"flexible","q50",0.25,8.64299559049953
30,"flexible","q50",0.5,7.72419797781605
30,"flexible","q50",1,6.16229341166656
30,"flexible","q50",2,3.99722827989703
30,"flexible","q50",4,1.71451628831361
30,"flexible","q50",8,0.309600872145325
30,"flexible","q50",12,0.0558893735201648
30,"flexible","q90",0.25,11.7148548580992
30,"flexible","q90",0.5,10.3795034295845
30,"flexible","q90",1,8.27104892656813
30,"flexible","q90",2,5.69406760956095
30,"flexible","q90",4,3.02036763152942
30,"flexible","q90",8,0.951308946379305
30,"flexible","q90",12,0.30972445427845
31,"truth","q10",0.25,6.24774377225268
31,"truth","q10",0.5,5.62323908157432
31,"truth","q10",1,4.4643676499867
31,"truth","q10",2,2.57899725097421
31,"truth","q10",4,0.733966799028824
31,"truth","q10",8,0.0543969688640314
31,"truth","q10",12,0.00392562031931134
31,"truth","q50",0.25,8.48067086584799
31,"truth","q50",0.5,7.58197373655724
31,"truth","q50",1,6.05096989107465
31,"truth","q50",2,3.92836790594524
31,"truth","q50",4,1.68813448818037
31,"truth","q50",8,0.306565548150483
31,"truth","q50",12,0.0557052827728727
31,"truth","q90",0.25,11.464796581399
31,"truth","q90",0.5,10.1462773962201
31,"truth","q90",1,8.08004671556735
31,"truth","q90",2,5.55451076010246
31,"truth","q90",4,2.94369364738675
31,"truth","q90",8,0.926657074380812
31,"truth","q90",12,0.301350108447867
31,"gaussian","q10",0.25,6.34032820140918
31,"gaussian","q10",0.5,5.58473043539228
31,"gaussian","q10",1,4.15854048992346
31,"gaussian","q10",2,2.04518515410347
31,"gaussian","q10",4,0.430790993383694
31,"gaussian","q10",8,0.018130981548781
31,"gaussian","q10",12,0.000738149910123366
31,"gaussian","q50",0.25,8.48252334968342
31,"gaussian","q50",0.5,7.43321498509949
31,"gaussian","q50",1,5.736511009685
31,"gaussian","q50",2,3.52992507832816
31,"gaussian","q50",4,1.33116897252149
31,"gaussian","q50",8,0.18578303431137
31,"gaussian","q50",12,0.025872641003662
31,"gaussian","q90",0.25,11.2777533896109
31,"gaussian","q90",0.5,9.81990839236897
31,"gaussian","q90",1,7.68488280522056
31,"gaussian","q90",2,5.14694025360432
31,"gaussian","q90",4,2.61347887391715
31,"gaussian","q90",8,0.739073948339073
31,"gaussian","q90",12,0.213968164083328
31,"flexible","q10",0.25,6.43125227115058
31,"flexible","q10",0.5,5.78586080939419
31,"flexible","q10",1,4.57946877623829
31,"flexible","q10",2,2.59469058586228
31,"flexible","q10",4,0.704674624589831
31,"flexible","q10",8,0.0488055961552228
31,"flexible","q10",12,0.00329699265555483
31,"flexible","q50",0.25,8.61091363504356
31,"flexible","q50",0.5,7.689944494391
31,"flexible","q50",1,6.12807323481369
31,"flexible","q50",2,3.9814499480108
31,"flexible","q50",4,1.70485960163802
31,"flexible","q50",8,0.307128200445106
31,"flexible","q50",12,0.0552461046723346
31,"flexible","q90",0.25,11.4740289386852
31,"flexible","q90",0.5,10.1221596658338
31,"flexible","q90",1,8.08061678903649
31,"flexible","q90",2,5.58513135749316
31,"flexible","q90",4,3.00709080398805
31,"flexible","q90",8,0.967403728130431
31,"flexible","q90",12,0.320909775950509
32,"truth","q10",0.25,6.24774377225268
32,"truth","q10",0.5,5.62323908157432
32,"truth","q10",1,4.4643676499867
32,"truth","q10",2,2.57899725097421
32,"truth","q10",4,0.733966799028824
32,"truth","q10",8,0.0543969688640314
32,"truth","q10",12,0.00392562031931134
32,"truth","q50",0.25,8.48067086584799
32,"truth","q50",0.5,7.58197373655724
32,"truth","q50",1,6.05096989107465
32,"truth","q50",2,3.92836790594524
32,"truth","q50",4,1.68813448818037
32,"truth","q50",8,0.306565548150483
32,"truth","q50",12,0.0557052827728727
32,"truth","q90",0.25,11.464796581399
32,"truth","q90",0.5,10.1462773962201
32,"truth","q90",1,8.08004671556735
32,"truth","q90",2,5.55451076010246
32,"truth","q90",4,2.94369364738675
32,"truth","q90",8,0.926657074380812
32,"truth","q90",12,0.301350108447867
32,"gaussian","q10",0.25,6.35067239372768
32,"gaussian","q10",0.5,5.58999346461287
32,"gaussian","q10",1,4.21813861622624
32,"gaussian","q10",2,2.16951732488618
32,"gaussian","q10",4,0.511993611311665
32,"gaussian","q10",8,0.0262541210311111
32,"gaussian","q10",12,0.00132267656119736
32,"gaussian","q50",0.25,8.54763579611723
32,"gaussian","q50",0.5,7.52480478237662
32,"gaussian","q50",1,5.84103666090515
32,"gaussian","q50",2,3.58775105759301
32,"gaussian","q50",4,1.36927879281368
32,"gaussian","q50",8,0.196934175878118
32,"gaussian","q50",12,0.0282326410705317
32,"gaussian","q90",0.25,11.4606466872237
32,"gaussian","q90",0.5,10.0364697164708
32,"gaussian","q90",1,7.88815199955814
32,"gaussian","q90",2,5.25445260486828
32,"gaussian","q90",4,2.59210929923455
32,"gaussian","q90",8,0.694311203848367
32,"gaussian","q90",12,0.190790017583947
32,"flexible","q10",0.25,6.47448844611818
32,"flexible","q10",0.5,5.8117487337265
32,"flexible","q10",1,4.62107408641631
32,"flexible","q10",2,2.71002743912478
32,"flexible","q10",4,0.807558855356319
32,"flexible","q10",8,0.0650774164595342
32,"flexible","q10",12,0.0051451861325219
32,"flexible","q50",0.25,8.71453230754603
32,"flexible","q50",0.5,7.80355854683785
32,"flexible","q50",1,6.23958603049818
32,"flexible","q50",2,4.05504859291134
32,"flexible","q50",4,1.74350286677724
32,"flexible","q50",8,0.316835441548422
32,"flexible","q50",12,0.0575853070905817
32,"flexible","q90",0.25,11.6973641528167
32,"flexible","q90",0.5,10.3875818343465
32,"flexible","q90",1,8.32266493273318
32,"flexible","q90",2,5.71567380434781
32,"flexible","q90",4,2.98982399849349
32,"flexible","q90",8,0.908428332514159
32,"flexible","q90",12,0.283982483553852
33,"truth","q10",0.25,6.24774377225268
33,"truth","q10",0.5,5.62323908157432
33,"truth","q10",1,4.4643676499867
33,"truth","q10",2,2.57899725097421
33,"truth","q10",4,0.733966799028824
33,"truth","q10",8,0.0543969688640314
33,"truth","q10",12,0.00392562031931134
33,"truth","q50",0.25,8.48067086584799
33,"truth","q50",0.5,7.58197373655724
33,"truth","q50",1,6.05096989107465
33,"truth","q50",2,3.92836790594524
33,"truth","q50",4,1.68813448818037
33,"truth","q50",8,0.306565548150483
33,"truth","q50",12,0.0557052827728727
33,"truth","q90",0.25,11.464796581399
33,"truth","q90",0.5,10.1462773962201
33,"truth","q90",1,8.08004671556735
33,"truth","q90",2,5.55451076010246
33,"truth","q90",4,2.94369364738675
33,"truth","q90",8,0.926657074380812
33,"truth","q90",12,0.301350108447867
33,"gaussian","q10",0.25,6.00661748912218
33,"gaussian","q10",0.5,5.36368003541528
33,"gaussian","q10",1,4.11035183781349
33,"gaussian","q10",2,2.14595558999284
33,"gaussian","q10",4,0.494227651634847
33,"gaussian","q10",8,0.0239652613515838
33,"gaussian","q10",12,0.0011199606465328
33,"gaussian","q50",0.25,8.25094306396447
33,"gaussian","q50",0.5,7.27567083521993
33,"gaussian","q50",1,5.66493850201489
33,"gaussian","q50",2,3.52854505346676
33,"gaussian","q50",4,1.38310469352453
33,"gaussian","q50",8,0.207302759704789
33,"gaussian","q50",12,0.0312584116510305
33,"gaussian","q90",0.25,11.2700458618467
33,"gaussian","q90",0.5,9.79090315543782
33,"gaussian","q90",1,7.61212822558929
33,"gaussian","q90",2,5.07145058582278
33,"gaussian","q90",4,2.59103287523106
33,"gaussian","q90",8,0.76125361335294
33,"gaussian","q90",12,0.230559628387501
33,"flexible","q10",0.25,6.20009223072449
33,"flexible","q10",0.5,5.60795272943555
33,"flexible","q10",1,4.48683652526765
33,"flexible","q10",2,2.59437743521689
33,"flexible","q10",4,0.713776506149554
33,"flexible","q10",8,0.048570334609906
33,"flexible","q10",12,0.00322197733464685
33,"flexible","q50",0.25,8.51788429252487
33,"flexible","q50",0.5,7.60068576585305
33,"flexible","q50",1,6.04093020043315
33,"flexible","q50",2,3.89906174664315
33,"flexible","q50",4,1.6640970747371
33,"flexible","q50",8,0.297910097529644
33,"flexible","q50",12,0.0530398676665551
33,"flexible","q90",0.25,11.6303875804077
33,"flexible","q90",0.5,10.1989687916905
33,"flexible","q90",1,8.02056554836561
33,"flexible","q90",2,5.43960514541787
33,"flexible","q90",4,2.8802962370091
33,"flexible","q90",8,0.91633130486405
33,"flexible","q90",12,0.301503914875171
34,"truth","q10",0.25,6.24774377225268
34,"truth","q10",0.5,5.62323908157432
34,"truth","q10",1,4.4643676499867
34,"truth","q10",2,2.57899725097421
34,"truth","q10",4,0.733966799028824
34,"truth","q10",8,0.0543969688640314
34,"truth","q10",12,0.00392562031931134
34,"truth","q50",0.25,8.48067086584799
34,"truth","q50",0.5,7.58197373655724
34,"truth","q50",1,6.05096989107465
34,"truth","q50",2,3.92836790594524
34,"truth","q50",4,1.68813448818037
34,"truth","q50",8,0.306565548150483
34,"truth","q50",12,0.0557052827728727
34,"truth","q90",0.25,11.464796581399
34,"truth","q90",0.5,10.1462773962201
34,"truth","q90",1,8.08004671556735
34,"truth","q90",2,5.55451076010246
34,"truth","q90",4,2.94369364738675
34,"truth","q90",8,0.926657074380812
34,"truth","q90",12,0.301350108447867
34,"gaussian","q10",0.25,6.18164825774196
34,"gaussian","q10",0.5,5.51218785208818
34,"gaussian","q10",1,4.25099021825082
34,"gaussian","q10",2,2.27213448488509
34,"gaussian","q10",4,0.560067898336479
34,"gaussian","q10",8,0.031413177740943
34,"gaussian","q10",12,0.00170419424217301
34,"gaussian","q50",0.25,8.45867333602496
34,"gaussian","q50",0.5,7.48684230486588
34,"gaussian","q50",1,5.8813694504477
34,"gaussian","q50",2,3.70570895835214
34,"gaussian","q50",4,1.49357930718518
34,"gaussian","q50",8,0.237840227044978
34,"gaussian","q50",12,0.0376941167796963
34,"gaussian","q90",0.25,11.5118155011463
34,"gaussian","q90",0.5,10.0944955977997
34,"gaussian","q90",1,7.95403787259931
34,"gaussian","q90",2,5.37238472599348
34,"gaussian","q90",4,2.76788491761794
34,"gaussian","q90",8,0.820278211572309
34,"gaussian","q90",12,0.251199684998103
34,"flexible","q10",0.25,6.360225340852
34,"flexible","q10",0.5,5.74474189679794
34,"flexible","q10",1,4.60824713133307
34,"flexible","q10",2,2.72328306697407
34,"flexible","q10",4,0.800234185948662
34,"flexible","q10",8,0.0625036621476717
34,"flexible","q10",12,0.00476908503787787
34,"flexible","q50",0.25,8.69424011993336
34,"flexible","q50",0.5,7.79259715886955
34,"flexible","q50",1,6.2440063088266
34,"flexible","q50",2,4.08366797289447
34,"flexible","q50",4,1.78942514787468
34,"flexible","q50",8,0.337739188927765
34,"flexible","q50",12,0.0636360430701406
34,"flexible","q90",0.25,11.8304647042724
34,"flexible","q90",0.5,10.4798183659452
34,"flexible","q90",1,8.34813234343036
34,"flexible","q90",2,5.74180762586418
34,"flexible","q90",4,3.06258314025128
34,"flexible","q90",8,0.985695895842138
34,"flexible","q90",12,0.327806244600731
35,"truth","q10",0.25,6.24774377225268
35,"truth","q10",0.5,5.62323908157432
35,"truth","q10",1,4.4643676499867
35,"truth","q10",2,2.57899725097421
35,"truth","q10",4,0.733966799028824
35,"truth","q10",8,0.0543969688640314
35,"truth","q10",12,0.00392562031931134
35,"truth","q50",0.25,8.48067086584799
35,"truth","q50",0.5,7.58197373655724
35,"truth","q50",1,6.05096989107465
35,"truth","q50",2,3.92836790594524
35,"truth","q50",4,1.68813448818037
35,"truth","q50",8,0.306565548150483
35,"truth","q50",12,0.0557052827728727
35,"truth","q90",0.25,11.464796581399
35,"truth","q90",0.5,10.1462773962201
35,"truth","q90",1,8.08004671556735
35,"truth","q90",2,5.55451076010246
35,"truth","q90",4,2.94369364738675
35,"truth","q90",8,0.926657074380812
35,"truth","q90",12,0.301350108447867
35,"gaussian","q10",0.25,5.99090720003956
35,"gaussian","q10",0.5,5.36003850020495
35,"gaussian","q10",1,4.13891989332802
35,"gaussian","q10",2,2.20470758471714
35,"gaussian","q10",4,0.537783450200112
35,"gaussian","q10",8,0.0288491515457044
35,"gaussian","q10",12,0.00153675456071266
35,"gaussian","q50",0.25,8.19329683795594
35,"gaussian","q50",0.5,7.25534434430769
35,"gaussian","q50",1,5.7134911653696
35,"gaussian","q50",2,3.62972116436368
35,"gaussian","q50",4,1.48551021173401
35,"gaussian","q50",8,0.243714822030464
35,"gaussian","q50",12,0.0398867585741395
35,"gaussian","q90",0.25,11.1485932927064
35,"gaussian","q90",0.5,9.76886760883003
35,"gaussian","q90",1,7.71199189190154
35,"gaussian","q90",2,5.24893906326129
35,"gaussian","q90",4,2.77821263000595
35,"gaussian","q90",8,0.86453222513568
35,"gaussian","q90",12,0.279855477428766
35,"flexible","q10",0.25,6.17716356534584
35,"flexible","q10",0.5,5.5956641467146
35,"flexible","q10",1,4.49382441739396
35,"flexible","q10",2,2.64240800652674
35,"flexible","q10",4,0.761321657955363
35,"flexible","q10",8,0.0574479532088138
35,"flexible","q10",12,0.00420675854134387
35,"flexible","q50",0.25,8.45090022061025
35,"flexible","q50",0.5,7.57522634236408
35,"flexible","q50",1,6.08543647844156
35,"flexible","q50",2,4.01008160373762
35,"flexible","q50",4,1.78280213686258
35,"flexible","q50",8,0.345758702506052
35,"flexible","q50",12,0.0669057006790844
35,"flexible","q90",0.25,11.5038580803961
35,"flexible","q90",0.5,10.1843894052979
35,"flexible","q90",1,8.1226736938593
35,"flexible","q90",2,5.64290281073547
35,"flexible","q90",4,3.08500627502068
35,"flexible","q90",8,1.04573021008354
35,"flexible","q90",12,0.365923207875649
36,"truth","q10",0.25,6.24774377225268
36,"truth","q10",0.5,5.62323908157432
36,"truth","q10",1,4.4643676499867
36,"truth","q10",2,2.57899725097421
36,"truth","q10",4,0.733966799028824
36,"truth","q10",8,0.0543969688640314
36,"truth","q10",12,0.00392562031931134
36,"truth","q50",0.25,8.48067086584799
36,"truth","q50",0.5,7.58197373655724
36,"truth","q50",1,6.05096989107465
36,"truth","q50",2,3.92836790594524
36,"truth","q50",4,1.68813448818037
36,"truth","q50",8,0.306565548150483
36,"truth","q50",12,0.0557052827728727
36,"truth","q90",0.25,11.464796581399
36,"truth","q90",0.5,10.1462773962201
36,"truth","q90",1,8.08004671556735
36,"truth","q90",2,5.55451076010246
36,"truth","q90",4,2.94369364738675
36,"truth","q90",8,0.926657074380812
36,"truth","q90",12,0.301350108447867
36,"gaussian","q10",0.25,6.17514552549405
36,"gaussian","q10",0.5,5.50987383436408
36,"gaussian","q10",1,4.2583845550105
36,"gaussian","q10",2,2.30263873924224
36,"gaussian","q10",4,0.588774755659243
36,"gaussian","q10",8,0.0351538322781801
36,"gaussian","q10",12,0.00202248517205853
36,"gaussian","q50",0.25,8.32764672285271
36,"gaussian","q50",0.5,7.37971900317365
36,"gaussian","q50",1,5.79843662171195
36,"gaussian","q50",2,3.64955686731751
36,"gaussian","q50",4,1.465344994902
36,"gaussian","q50",8,0.231578979050432
36,"gaussian","q50",12,0.036655391295385
36,"gaussian","q90",0.25,11.1740710015982
36,"gaussian","q90",0.5,9.80565967281984
36,"gaussian","q90",1,7.72161339119257
36,"gaussian","q90",2,5.1879295883045
36,"gaussian","q90",4,2.63700045826635
36,"gaussian","q90",8,0.752841215519947
36,"gaussian","q90",12,0.222732519009075
36,"flexible","q10",0.25,6.40059675802852
36,"flexible","q10",0.5,5.795173192314
36,"flexible","q10",1,4.69024677188831
36,"flexible","q10",2,2.84388033859358
36,"flexible","q10",4,0.890154936028817
36,"flexible","q10",8,0.0788505363341249
36,"flexible","q10",12,0.00682347696982817
36,"flexible","q50",0.25,8.6216520351253
36,"flexible","q50",0.5,7.7508890627748
36,"flexible","q50",1,6.24721604185624
36,"flexible","q50",2,4.11981412993822
36,"flexible","q50",4,1.83373846914467
36,"flexible","q50",8,0.357486148118438
36,"flexible","q50",12,0.0697473546939164
36,"flexible","q90",0.25,11.57266805682
36,"flexible","q90",0.5,10.280036971523
36,"flexible","q90",1,8.23114101188444
36,"flexible","q90",2,5.67371060856579
36,"flexible","q90",4,3.02096271350113
36,"flexible","q90",8,0.965265667705816
36,"flexible","q90",12,0.318481418034011
37,"truth","q10",0.25,6.24774377225268
37,"truth","q10",0.5,5.62323908157432
37,"truth","q10",1,4.4643676499867
37,"truth","q10",2,2.57899725097421
37,"truth","q10",4,0.733966799028824
37,"truth","q10",8,0.0543969688640314
37,"truth","q10",12,0.00392562031931134
37,"truth","q50",0.25,8.48067086584799
37,"truth","q50",0.5,7.58197373655724
37,"truth","q50",1,6.05096989107465
37,"truth","q50",2,3.92836790594524
37,"truth","q50",4,1.68813448818037
37,"truth","q50",8,0.306565548150483
37,"truth","q50",12,0.0557052827728727
37,"truth","q90",0.25,11.464796581399
37,"truth","q90",0.5,10.1462773962201
37,"truth","q90",1,8.08004671556735
37,"truth","q90",2,5.55451076010246
37,"truth","q90",4,2.94369364738675
37,"truth","q90",8,0.926657074380812
37,"truth","q90",12,0.301350108447867
37,"gaussian","q10",0.25,5.73454830501544
37,"gaussian","q10",0.5,5.15507781330458
37,"gaussian","q10",1,4.01670147156665
37,"gaussian","q10",2,2.18230251407202
37,"gaussian","q10",4,0.550377309442468
37,"gaussian","q10",8,0.0317903389471367
37,"gaussian","q10",12,0.00178565388822575
37,"gaussian","q50",0.25,7.86880951435247
37,"gaussian","q50",0.5,6.99045256272512
37,"gaussian","q50",1,5.52735789825797
37,"gaussian","q50",2,3.54577034349313
37,"gaussian","q50",4,1.4738468966842
37,"gaussian","q50",8,0.250136378401951
37,"gaussian","q50",12,0.0424481009754534
37,"gaussian","q90",0.25,10.7065908610646
37,"gaussian","q90",0.5,9.39848821188474
37,"gaussian","q90",1,7.42798266090605
37,"gaussian","q90",2,5.0708629612082
37,"gaussian","q90",4,2.69869361200743
37,"gaussian","q90",8,0.85670918967526
37,"gaussian","q90",12,0.280756784681359
37,"flexible","q10",0.25,5.99963715753699
37,"flexible","q10",0.5,5.46386968052455
37,"flexible","q10",1,4.45488938458533
37,"flexible","q10",2,2.6984234940917
37,"flexible","q10",4,0.824102442633818
37,"flexible","q10",8,0.0691775495293393
37,"flexible","q10",12,0.005599710300892
37,"flexible","q50",0.25,8.20242331661098
37,"flexible","q50",0.5,7.38685006521301
37,"flexible","q50",1,5.97485742296238
37,"flexible","q50",2,3.98546163374769
37,"flexible","q50",4,1.81809814991407
37,"flexible","q50",8,0.373050063683782
37,"flexible","q50",12,0.0761874554095541
37,"flexible","q90",0.25,11.1422200687756
37,"flexible","q90",0.5,9.87902106458622
37,"flexible","q90",1,7.90658118489582
37,"flexible","q90",2,5.50716320524413
37,"flexible","q90",4,3.04771751009607
37,"flexible","q90",8,1.06252467398567
37,"flexible","q90",12,0.382501748683858
38,"truth","q10",0.25,6.24774377225268
38,"truth","q10",0.5,5.62323908157432
38,"truth","q10",1,4.4643676499867
38,"truth","q10",2,2.57899725097421
38,"truth","q10",4,0.733966799028824
38,"truth","q10",8,0.0543969688640314
38,"truth","q10",12,0.00392562031931134
38,"truth","q50",0.25,8.48067086584799
38,"truth","q50",0.5,7.58197373655724
38,"truth","q50",1,6.05096989107465
38,"truth","q50",2,3.92836790594524
38,"truth","q50",4,1.68813448818037
38,"truth","q50",8,0.306565548150483
38,"truth","q50",12,0.0557052827728727
38,"truth","q90",0.25,11.464796581399
38,"truth","q90",0.5,10.1462773962201
38,"truth","q90",1,8.08004671556735
38,"truth","q90",2,5.55451076010246
38,"truth","q90",4,2.94369364738675
38,"truth","q90",8,0.926657074380812
38,"truth","q90",12,0.301350108447867
38,"gaussian","q10",0.25,5.79305423175809
38,"gaussian","q10",0.5,5.19315591954797
38,"gaussian","q10",1,4.0176093014699
38,"gaussian","q10",2,2.16236007317994
38,"gaussian","q10",4,0.536397179681134
38,"gaussian","q10",8,0.029688368005426
38,"gaussian","q10",12,0.00162502642725876
38,"gaussian","q50",0.25,8.05594370890568
38,"gaussian","q50",0.5,7.15232255486279
38,"gaussian","q50",1,5.65820695853483
38,"gaussian","q50",2,3.62100628684142
38,"gaussian","q50",4,1.50748245132448
38,"gaussian","q50",8,0.257349668321256
38,"gaussian","q50",12,0.0436716061858659
38,"gaussian","q90",0.25,11.1489304431382
38,"gaussian","q90",0.5,9.80067425181814
38,"gaussian","q90",1,7.7817541606322
38,"gaussian","q90",2,5.35122678993171
38,"gaussian","q90",4,2.86343712879638
38,"gaussian","q90",8,0.920303890485918
38,"gaussian","q90",12,0.306520899889932
38,"flexible","q10",0.25,6.01528267472465
38,"flexible","q10",0.5,5.43800871846839
38,"flexible","q10",1,4.34119308282808
38,"flexible","q10",2,2.52534539070025
38,"flexible","q10",4,0.710565322675043
38,"flexible","q10",8,0.0510341818565229
38,"flexible","q10",12,0.00357555099961301
38,"flexible","q50",0.25,8.34359399433175
38,"flexible","q50",0.5,7.47620044198512
38,"flexible","q50",1,5.99973272320137
38,"flexible","q50",2,3.94210066782803
38,"flexible","q50",4,1.74754730866723
38,"flexible","q50",8,0.335684309524795
38,"flexible","q50",12,0.0641986576830995
38,"flexible","q90",0.25,11.5226187522897
38,"flexible","q90",0.5,10.2192348052596
38,"flexible","q90",1,8.16401332981028
38,"flexible","q90",2,5.68205325800759
38,"flexible","q90",4,3.10719750550548
38,"flexible","q90",8,1.05629370387532
38,"flexible","q90",12,0.372584558472014
39,"truth","q10",0.25,6.24774377225268
39,"truth","q10",0.5,5.62323908157432
39,"truth","q10",1,4.4643676499867
39,"truth","q10",2,2.57899725097421
39,"truth","q10",4,0.733966799028824
39,"truth","q10",8,0.0543969688640314
39,"truth","q10",12,0.00392562031931134
39,"truth","q50",0.25,8.48067086584799
39,"truth","q50",0.5,7.58197373655724
39,"truth","q50",1,6.05096989107465
39,"truth","q50",2,3.92836790594524
39,"truth","q50",4,1.68813448818037
39,"truth","q50",8,0.306565548150483
39,"truth","q50",12,0.0557052827728727
39,"truth","q90",0.25,11.464796581399
39,"truth","q90",0.5,10.1462773962201
39,"truth","q90",1,8.08004671556735
39,"truth","q90",2,5.55451076010246
39,"truth","q90",4,2.94369364738675
39,"truth","q90",8,0.926657074380812
39,"truth","q90",12,0.301350108447867
39,"gaussian","q10",0.25,6.00542527635093
39,"gaussian","q10",0.5,5.3633363286567
39,"gaussian","q10",1,4.12287056053735
39,"gaussian","q10",2,2.1901149843289
39,"gaussian","q10",4,0.534229228375494
39,"gaussian","q10",8,0.0291999342297022
39,"gaussian","q10",12,0.00157040923490691
39,"gaussian","q50",0.25,8.15528147235239
39,"gaussian","q50",0.5,7.22407761196519
39,"gaussian","q50",1,5.67925739542995
39,"gaussian","q50",2,3.59122462967433
39,"gaussian","q50",4,1.45258743585716
39,"gaussian","q50",8,0.233130768749713
39,"gaussian","q50",12,0.0373544434026759
39,"gaussian","q90",0.25,11.0112677012442
39,"gaussian","q90",0.5,9.65349674713162
39,"gaussian","q90",1,7.62317168436481
39,"gaussian","q90",2,5.17032087069363
39,"gaussian","q90",4,2.69527639800696
39,"gaussian","q90",8,0.813980422013132
39,"gaussian","q90",12,0.253870437113856
39,"flexible","q10",0.25,6.21341964104239
39,"flexible","q10",0.5,5.62582838782689
39,"flexible","q10",1,4.52570961867213
39,"flexible","q10",2,2.67654194409898
39,"flexible","q10",4,0.790568415210405
39,"flexible","q10",8,0.0626905634940291
39,"flexible","q10",12,0.00488858068862212
39,"flexible","q50",0.25,8.42568080649566
39,"flexible","q50",0.5,7.56432058133411
39,"flexible","q50",1,6.08349940213089
39,"flexible","q50",2,4.00920892544849
39,"flexible","q50",4,1.77944579720954
39,"flexible","q50",8,0.345009497796192
39,"flexible","q50",12,0.0669684052365258
39,"flexible","q90",0.25,11.3742860536281
39,"flexible","q90",0.5,10.0830203597108
39,"flexible","q90",1,8.06181850979362
39,"flexible","q90",2,5.59429821152679
39,"flexible","q90",4,3.03807557790935
39,"flexible","q90",8,1.00721537294332
39,"flexible","q90",12,0.346708582608576
40,"truth","q10",0.25,6.24774377225268
40,"truth","q10",0.5,5.62323908157432
40,"truth","q10",1,4.4643676499867
40,"truth","q10",2,2.57899725097421
40,"truth","q10",4,0.733966799028824
40,"truth","q10",8,0.0543969688640314
40,"truth","q10",12,0.00392562031931134
40,"truth","q50",0.25,8.48067086584799
40,"truth","q50",0.5,7.58197373655724
40,"truth","q50",1,6.05096989107465
40,"truth","q50",2,3.92836790594524
40,"truth","q50",4,1.68813448818037
40,"truth","q50",8,0.306565548150483
40,"truth","q50",12,0.0557052827728727
40,"truth","q90",0.25,11.464796581399
40,"truth","q90",0.5,10.1462773962201
40,"truth","q90",1,8.08004671556735
40,"truth","q90",2,5.55451076010246
40,"truth","q90",4,2.94369364738675
40,"truth","q90",8,0.926657074380812
40,"truth","q90",12,0.301350108447867
40,"gaussian","q10",0.25,6.24680907788422
40,"gaussian","q10",0.5,5.58504087048837
40,"gaussian","q10",1,4.34396199359602
40,"gaussian","q10",2,2.39858717313042
40,"gaussian","q10",4,0.647815191177083
40,"gaussian","q10",8,0.0432894638081564
40,"gaussian","q10",12,0.002832054077804
40,"gaussian","q50",0.25,8.36352785150548
40,"gaussian","q50",0.5,7.44928340833533
40,"gaussian","q50",1,5.90934341889097
40,"gaussian","q50",2,3.78608479645271
40,"gaussian","q50",4,1.57694794047184
40,"gaussian","q50",8,0.269121128089439
40,"gaussian","q50",12,0.0457448965704884
40,"gaussian","q90",0.25,11.1430067758507
40,"gaussian","q90",0.5,9.85444090485703
40,"gaussian","q90",1,7.87137316807171
40,"gaussian","q90",2,5.39444576233053
40,"gaussian","q90",4,2.81916436865847
40,"gaussian","q90",8,0.848681499264335
40,"gaussian","q90",12,0.263022863417708
40,"flexible","q10",0.25,6.42459687319085
40,"flexible","q10",0.5,5.81330992420571
40,"flexible","q10",1,4.68831835709842
40,"flexible","q10",2,2.83432472728629
40,"flexible","q10",4,0.892011557296036
40,"flexible","q10",8,0.0807577724848812
40,"flexible","q10",12,0.00714121628357306
40,"flexible","q50",0.25,8.58627719863938
40,"flexible","q50",0.5,7.73507392271805
40,"flexible","q50",1,6.25393922244782
40,"flexible","q50",2,4.15191274099419
40,"flexible","q50",4,1.86809208151176
40,"flexible","q50",8,0.371909291926102
40,"flexible","q50",12,0.0742904321145037
40,"flexible","q90",0.25,11.4332713472197
40,"flexible","q90",0.5,10.2056731834384
40,"flexible","q90",1,8.23344657338652
40,"flexible","q90",2,5.75443180330502
40,"flexible","q90",4,3.11524432321791
40,"flexible","q90",8,1.01888442115131
40,"flexible","q90",12,0.342857775770628
41,"truth","q10",0.25,6.24774377225268
41,"truth","q10",0.5,5.62323908157432
41,"truth","q10",1,4.4643676499867
41,"truth","q10",2,2.57899725097421
41,"truth","q10",4,0.733966799028824
41,"truth","q10",8,0.0543969688640314
41,"truth","q10",12,0.00392562031931134
41,"truth","q50",0.25,8.48067086584799
41,"truth","q50",0.5,7.58197373655724
41,"truth","q50",1,6.05096989107465
41,"truth","q50",2,3.92836790594524
41,"truth","q50",4,1.68813448818037
41,"truth","q50",8,0.306565548150483
41,"truth","q50",12,0.0557052827728727
41,"truth","q90",0.25,11.464796581399
41,"truth","q90",0.5,10.1462773962201
41,"truth","q90",1,8.08004671556735
41,"truth","q90",2,5.55451076010246
41,"truth","q90",4,2.94369364738675
41,"truth","q90",8,0.926657074380812
41,"truth","q90",12,0.301350108447867
41,"gaussian","q10",0.25,5.87968569236995
41,"gaussian","q10",0.5,5.3017260787273
41,"gaussian","q10",1,4.18553301518316
41,"gaussian","q10",2,2.36126504645099
41,"gaussian","q10",4,0.652156313717802
41,"gaussian","q10",8,0.0451341794932047
41,"gaussian","q10",12,0.00306052862764698
41,"gaussian","q50",0.25,7.93687920833669
41,"gaussian","q50",0.5,7.09257545197892
41,"gaussian","q50",1,5.6593778301759
41,"gaussian","q50",2,3.67941170139687
41,"gaussian","q50",4,1.57817058476141
41,"gaussian","q50",8,0.285465918096125
41,"gaussian","q50",12,0.0515002497474955
41,"gaussian","q90",0.25,10.6419583438666
41,"gaussian","q90",0.5,9.40824246429659
41,"gaussian","q90",1,7.5042815510972
41,"gaussian","q90",2,5.17282090860316
41,"gaussian","q90",4,2.78289561369088
41,"gaussian","q90",8,0.891172655982732
41,"gaussian","q90",12,0.295790296066627
41,"flexible","q10",0.25,6.08514765945426
41,"flexible","q10",0.5,5.53913325403834
41,"flexible","q10",1,4.53534693930368
41,"flexible","q10",2,2.78332066983896
41,"flexible","q10",4,0.889683489098034
41,"flexible","q10",8,0.0816147399617882
41,"flexible","q10",12,0.00734799845835999
41,"flexible","q50",0.25,8.19019944900931
41,"flexible","q50",0.5,7.39634449293196
41,"flexible","q50",1,6.01546485820573
41,"flexible","q50",2,4.0443292088447
41,"flexible","q50",4,1.87121392133504
41,"flexible","q50",8,0.39538703896683
41,"flexible","q50",12,0.0831720737013404
41,"flexible","q90",0.25,10.9627789924998
41,"flexible","q90",0.5,9.76430438026442
41,"flexible","q90",1,7.8840376876018
41,"flexible","q90",2,5.53415012428885
41,"flexible","q90",4,3.08272942231245
41,"flexible","q90",8,1.07586275240285
41,"flexible","q90",12,0.386731736670776
42,"truth","q10",0.25,6.24774377225268
42,"truth","q10",0.5,5.62323908157432
42,"truth","q10",1,4.4643676499867
42,"truth","q10",2,2.57899725097421
42,"truth","q10",4,0.733966799028824
42,"truth","q10",8,0.0543969688640314
42,"truth","q10",12,0.00392562031931134
42,"truth","q50",0.25,8.48067086584799
42,"truth","q50",0.5,7.58197373655724
42,"truth","q50",1,6.05096989107465
42,"truth","q50",2,3.92836790594524
42,"truth","q50",4,1.68813448818037
42,"truth","q50",8,0.306565548150483
42,"truth","q50",12,0.0557052827728727
42,"truth","q90",0.25,11.464796581399
42,"truth","q90",0.5,10.1462773962201
42,"truth","q90",1,8.08004671556735
42,"truth","q90",2,5.55451076010246
42,"truth","q90",4,2.94369364738675
42,"truth","q90",8,0.926657074380812
42,"truth","q90",12,0.301350108447867
42,"gaussian","q10",0.25,6.10450341357297
42,"gaussian","q10",0.5,5.48312788701272
42,"gaussian","q10",1,4.29723047326433
42,"gaussian","q10",2,2.40322902826381
42,"gaussian","q10",4,0.660278748467105
42,"gaussian","q10",8,0.0459196974211742
42,"gaussian","q10",12,0.00313047105069987
42,"gaussian","q50",0.25,8.1632975776452
42,"gaussian","q50",0.5,7.29481634301438
42,"gaussian","q50",1,5.82535425211376
42,"gaussian","q50",2,3.79442703779765
42,"gaussian","q50",4,1.62728068321155
42,"gaussian","q50",8,0.295116039629536
42,"gaussian","q50",12,0.0534745424778127
42,"gaussian","q90",0.25,10.8372767771549
42,"gaussian","q90",0.5,9.61734834914726
42,"gaussian","q90",1,7.7248416519589
42,"gaussian","q90",2,5.3840377676196
42,"gaussian","q90",4,2.91857158366626
42,"gaussian","q90",8,0.939820278812021
42,"gaussian","q90",12,0.312414274798949
42,"flexible","q10",0.25,6.28057584384561
42,"flexible","q10",0.5,5.69288479342595
42,"flexible","q10",1,4.5808327110555
42,"flexible","q10",2,2.73099461874742
42,"flexible","q10",4,0.833383429061224
42,"flexible","q10",8,0.0713149114645458
42,"flexible","q10",12,0.00598112694214643
42,"flexible","q50",0.25,8.37631652120868
42,"flexible","q50",0.5,7.54128627871455
42,"flexible","q50",1,6.1079878402876
42,"flexible","q50",2,4.07663754943296
42,"flexible","q50",4,1.84859498478162
42,"flexible","q50",8,0.373861495789696
42,"flexible","q50",12,0.0752317943043154
42,"flexible","q90",0.25,11.0999014296339
42,"flexible","q90",0.5,9.906079869291
42,"flexible","q90",1,8.02003323194378
42,"flexible","q90",2,5.66067355038403
42,"flexible","q90",4,3.13397988464723
42,"flexible","q90",8,1.0696782926924
42,"flexible","q90",12,0.375117215395977
43,"truth","q10",0.25,6.24774377225268
43,"truth","q10",0.5,5.62323908157432
43,"truth","q10",1,4.4643676499867
43,"truth","q10",2,2.57899725097421
43,"truth","q10",4,0.733966799028824
43,"truth","q10",8,0.0543969688640314
43,"truth","q10",12,0.00392562031931134
43,"truth","q50",0.25,8.48067086584799
43,"truth","q50",0.5,7.58197373655724
43,"truth","q50",1,6.05096989107465
43,"truth","q50",2,3.92836790594524
43,"truth","q50",4,1.68813448818037
43,"truth","q50",8,0.306565548150483
43,"truth","q50",12,0.0557052827728727
43,"truth","q90",0.25,11.464796581399
43,"truth","q90",0.5,10.1462773962201
43,"truth","q90",1,8.08004671556735
43,"truth","q90",2,5.55451076010246
43,"truth","q90",4,2.94369364738675
43,"truth","q90",8,0.926657074380812
43,"truth","q90",12,0.301350108447867
43,"gaussian","q10",0.25,6.3403229972061
43,"gaussian","q10",0.5,5.61235199492434
43,"gaussian","q10",1,4.24902766411873
43,"gaussian","q10",2,2.1939035655289
43,"gaussian","q10",4,0.510762767465537
43,"gaussian","q10",8,0.0257065024603851
43,"gaussian","q10",12,0.00125720018515252
43,"gaussian","q50",0.25,8.59775859194114
43,"gaussian","q50",0.5,7.57033620481253
43,"gaussian","q50",1,5.89964343621974
43,"gaussian","q50",2,3.66075849363886
43,"gaussian","q50",4,1.4219984569878
43,"gaussian","q50",8,0.211878987354517
43,"gaussian","q50",12,0.0313233836827781
43,"gaussian","q90",0.25,11.6072627406862
43,"gaussian","q90",0.5,10.1630441623959
43,"gaussian","q90",1,7.99288700140243
43,"gaussian","q90",2,5.36925861603507
43,"gaussian","q90",4,2.72029766321323
43,"gaussian","q90",8,0.767775575573579
43,"gaussian","q90",12,0.22451584634569
43,"flexible","q10",0.25,6.46535338297686
43,"flexible","q10",0.5,5.79303493790297
43,"flexible","q10",1,4.55788597318281
43,"flexible","q10",2,2.5842054902543
43,"flexible","q10",4,0.706918960416664
43,"flexible","q10",8,0.0486847941834692
43,"flexible","q10",12,0.00328942724153324
43,"flexible","q50",0.25,8.76066265570084
43,"flexible","q50",0.5,7.80827868531475
43,"flexible","q50",1,6.19914323636863
43,"flexible","q50",2,3.9837087982959
43,"flexible","q50",4,1.67444508742892
43,"flexible","q50",8,0.290157814203973
43,"flexible","q50",12,0.0503403000260006
43,"flexible","q90",0.25,11.8395988179145
43,"flexible","q90",0.5,10.4682805932652
43,"flexible","q90",1,8.3108130715049
43,"flexible","q90",2,5.68338138368937
43,"flexible","q90",4,2.97631374659652
43,"flexible","q90",8,0.909106750953824
43,"flexible","q90",12,0.286809712740894
44,"truth","q10",0.25,6.24774377225268
44,"truth","q10",0.5,5.62323908157432
44,"truth","q10",1,4.4643676499867
44,"truth","q10",2,2.57899725097421
44,"truth","q10",4,0.733966799028824
44,"truth","q10",8,0.0543969688640314
44,"truth","q10",12,0.00392562031931134
44,"truth","q50",0.25,8.48067086584799
44,"truth","q50",0.5,7.58197373655724
44,"truth","q50",1,6.05096989107465
44,"truth","q50",2,3.92836790594524
44,"truth","q50",4,1.68813448818037
44,"truth","q50",8,0.306565548150483
44,"truth","q50",12,0.0557052827728727
44,"truth","q90",0.25,11.464796581399
44,"truth","q90",0.5,10.1462773962201
44,"truth","q90",1,8.08004671556735
44,"truth","q90",2,5.55451076010246
44,"truth","q90",4,2.94369364738675
44,"truth","q90",8,0.926657074380812
44,"truth","q90",12,0.301350108447867
44,"gaussian","q10",0.25,6.28885370405224
44,"gaussian","q10",0.5,5.59572870700255
44,"gaussian","q10",1,4.28862726346553
44,"gaussian","q10",2,2.25742704412936
44,"gaussian","q10",4,0.53944138659885
44,"gaussian","q10",8,0.0286512632834485
44,"gaussian","q10",12,0.00148388857115717
44,"gaussian","q50",0.25,8.54689215896709
44,"gaussian","q50",0.5,7.5643021272726
44,"gaussian","q50",1,5.93882348214956
44,"gaussian","q50",2,3.75780648312775
44,"gaussian","q50",4,1.51983604599926
44,"gaussian","q50",8,0.24436578138895
44,"gaussian","q50",12,0.0390573324968605
44,"gaussian","q90",0.25,11.5663494676042
44,"gaussian","q90",0.5,10.1410929687211
44,"gaussian","q90",1,8.03157408101699
44,"gaussian","q90",2,5.47856387958199
44,"gaussian","q90",4,2.8806128254777
44,"gaussian","q90",8,0.880104135773308
44,"gaussian","q90",12,0.277597945536235
44,"flexible","q10",0.25,6.38759288683497
44,"flexible","q10",0.5,5.7760723340308
44,"flexible","q10",1,4.63756334457426
44,"flexible","q10",2,2.73416663577582
44,"flexible","q10",4,0.799767938094649
44,"flexible","q10",8,0.0625009200846482
44,"flexible","q10",12,0.00477367150803636
44,"flexible","q50",0.25,8.687995766005
44,"flexible","q50",0.5,7.80459387840759
44,"flexible","q50",1,6.28253384537901
44,"flexible","q50",2,4.15512820913127
44,"flexible","q50",4,1.85689217869672
44,"flexible","q50",8,0.36360630081148
44,"flexible","q50",12,0.0709225288932336
44,"flexible","q90",0.25,11.7737567131851
44,"flexible","q90",0.5,10.4570855762079
44,"flexible","q90",1,8.39271004474784
44,"flexible","q90",2,5.86255329902172
44,"flexible","q90",4,3.21420172728246
44,"flexible","q90",8,1.08830993351931
44,"flexible","q90",12,0.379430464777726
45,"truth","q10",0.25,6.24774377225268
45,"truth","q10",0.5,5.62323908157432
45,"truth","q10",1,4.4643676499867
45,"truth","q10",2,2.57899725097421
45,"truth","q10",4,0.733966799028824
45,"truth","q10",8,0.0543969688640314
45,"truth","q10",12,0.00392562031931134
45,"truth","q50",0.25,8.48067086584799
45,"truth","q50",0.5,7.58197373655724
45,"truth","q50",1,6.05096989107465
45,"truth","q50",2,3.92836790594524
45,"truth","q50",4,1.68813448818037
45,"truth","q50",8,0.306565548150483
45,"truth","q50",12,0.0557052827728727
45,"truth","q90",0.25,11.464796581399
45,"truth","q90",0.5,10.1462773962201
45,"truth","q90",1,8.08004671556735
45,"truth","q90",2,5.55451076010246
45,"truth","q90",4,2.94369364738675
45,"truth","q90",8,0.926657074380812
45,"truth","q90",12,0.301350108447867
45,"gaussian","q10",0.25,5.86510233901543
45,"gaussian","q10",0.5,5.14566432232826
45,"gaussian","q10",1,3.80770619048611
45,"gaussian","q10",2,1.87001599912102
45,"gaussian","q10",4,0.402381457134329
45,"gaussian","q10",8,0.0173717059565859
45,"gaussian","q10",12,0.000733424218234973
45,"gaussian","q50",0.25,7.87663050576301
45,"gaussian","q50",0.5,6.9080452912892
45,"gaussian","q50",1,5.3383911835307
45,"gaussian","q50",2,3.26701782937135
45,"gaussian","q50",4,1.2222666668711
45,"gaussian","q50",8,0.168871101065331
45,"gaussian","q50",12,0.0233232341475802
45,"gaussian","q90",0.25,10.4984545791395
45,"gaussian","q90",0.5,9.16114096912953
45,"gaussian","q90",1,7.19703312929086
45,"gaussian","q90",2,4.81519655489237
45,"gaussian","q90",4,2.41029025094375
45,"gaussian","q90",8,0.659545083425506
45,"gaussian","q90",12,0.186042422833886
45,"flexible","q10",0.25,6.12299164450105
45,"flexible","q10",0.5,5.49734068912396
45,"flexible","q10",1,4.32274498182988
45,"flexible","q10",2,2.4360470717678
45,"flexible","q10",4,0.665927897506099
45,"flexible","q10",8,0.0465682929704675
45,"flexible","q10",12,0.00315276719021281
45,"flexible","q50",0.25,8.18071708727988
45,"flexible","q50",0.5,7.29859570745206
45,"flexible","q50",1,5.80294155206184
45,"flexible","q50",2,3.74198054688223
45,"flexible","q50",4,1.57954169216109
45,"flexible","q50",8,0.276996492180744
45,"flexible","q50",12,0.0485877978828842
45,"flexible","q90",0.25,10.8769233431691
45,"flexible","q90",0.5,9.61148346394784
45,"flexible","q90",1,7.67042168552987
45,"flexible","q90",2,5.27528768253511
45,"flexible","q90",4,2.79566985484121
45,"flexible","q90",8,0.863459014735159
45,"flexible","q90",12,0.275534014455037
46,"truth","q10",0.25,6.24774377225268
46,"truth","q10",0.5,5.62323908157432
46,"truth","q10",1,4.4643676499867
46,"truth","q10",2,2.57899725097421
46,"truth","q10",4,0.733966799028824
46,"truth","q10",8,0.0543969688640314
46,"truth","q10",12,0.00392562031931134
46,"truth","q50",0.25,8.48067086584799
46,"truth","q50",0.5,7.58197373655724
46,"truth","q50",1,6.05096989107465
46,"truth","q50",2,3.92836790594524
46,"truth","q50",4,1.68813448818037
46,"truth","q50",8,0.306565548150483
46,"truth","q50",12,0.0557052827728727
46,"truth","q90",0.25,11.464796581399
46,"truth","q90",0.5,10.1462773962201
46,"truth","q90",1,8.08004671556735
46,"truth","q90",2,5.55451076010246
46,"truth","q90",4,2.94369364738675
46,"truth","q90",8,0.926657074380812
46,"truth","q90",12,0.301350108447867
46,"gaussian","q10",0.25,5.97075480913785
46,"gaussian","q10",0.5,5.26943080048176
46,"gaussian","q10",1,3.9363374653107
46,"gaussian","q10",2,1.96874151737623
46,"gaussian","q10",4,0.430108454148745
46,"gaussian","q10",8,0.0192665966047578
46,"gaussian","q10",12,0.00083079303042424
46,"gaussian","q50",0.25,8.03809859942786
46,"gaussian","q50",0.5,7.06154156078972
46,"gaussian","q50",1,5.47291691797624
46,"gaussian","q50",2,3.37403206759755
46,"gaussian","q50",4,1.28230104922197
46,"gaussian","q50",8,0.182159915425451
46,"gaussian","q50",12,0.0258660132678974
46,"gaussian","q90",0.25,10.7418057379368
46,"gaussian","q90",0.5,9.36937627660325
46,"gaussian","q90",1,7.34758717907377
46,"gaussian","q90",2,4.92097598309884
46,"gaussian","q90",4,2.49126431654154
46,"gaussian","q90",8,0.703000346678974
46,"gaussian","q90",12,0.203232126402645
46,"flexible","q10",0.25,6.19501513101837
46,"flexible","q10",0.5,5.57725534424524
46,"flexible","q10",1,4.41152648981729
46,"flexible","q10",2,2.51223166190784
46,"flexible","q10",4,0.68784719996429
46,"flexible","q10",8,0.0480969997581035
46,"flexible","q10",12,0.00329418561208849
46,"flexible","q50",0.25,8.30953377296931
46,"flexible","q50",0.5,7.41762660731944
46,"flexible","q50",1,5.90684559551075
46,"flexible","q50",2,3.8256150313397
46,"flexible","q50",4,1.62956747716668
46,"flexible","q50",8,0.2904522766685
46,"flexible","q50",12,0.0518352599345636
46,"flexible","q90",0.25,11.092464793884
46,"flexible","q90",0.5,9.7897171129257
46,"flexible","q90",1,7.79451099722487
46,"flexible","q90",2,5.35914588082771
46,"flexible","q90",4,2.85927903783277
46,"flexible","q90",8,0.902040942281614
46,"flexible","q90",12,0.293507315749522
47,"truth","q10",0.25,6.24774377225268
47,"truth","q10",0.5,5.62323908157432
47,"truth","q10",1,4.4643676499867
47,"truth","q10",2,2.57899725097421
47,"truth","q10",4,0.733966799028824
47,"truth","q10",8,0.0543969688640314
47,"truth","q10",12,0.00392562031931134
47,"truth","q50",0.25,8.48067086584799
47,"truth","q50",0.5,7.58197373655724
47,"truth","q50",1,6.05096989107465
47,"truth","q50",2,3.92836790594524
47,"truth","q50",4,1.68813448818037
47,"truth","q50",8,0.306565548150483
47,"truth","q50",12,0.0557052827728727
47,"truth","q90",0.25,11.464796581399
47,"truth","q90",0.5,10.1462773962201
47,"truth","q90",1,8.08004671556735
47,"truth","q90",2,5.55451076010246
47,"truth","q90",4,2.94369364738675
47,"truth","q90",8,0.926657074380812
47,"truth","q90",12,0.301350108447867
47,"gaussian","q10",0.25,5.73308527609437
47,"gaussian","q10",0.5,5.12176465778087
47,"gaussian","q10",1,3.96949072716684
47,"gaussian","q10",2,2.19002845435146
47,"gaussian","q10",4,0.590517010589921
47,"gaussian","q10",8,0.0390086732053291
47,"gaussian","q10",12,0.00248156622512109
47,"gaussian","q50",0.25,7.83316534513086
47,"gaussian","q50",0.5,6.96451371885468
47,"gaussian","q50",1,5.51553953100857
47,"gaussian","q50",2,3.50723412209751
47,"gaussian","q50",4,1.44060536938745
47,"gaussian","q50",8,0.240734263040433
47,"gaussian","q50",12,0.0400326804164121
47,"gaussian","q90",0.25,10.6625426854819
47,"gaussian","q90",0.5,9.41241724171466
47,"gaussian","q90",1,7.4978975088132
47,"gaussian","q90",2,5.09148390837866
47,"gaussian","q90",4,2.62255226099498
47,"gaussian","q90",8,0.770321733481489
47,"gaussian","q90",12,0.2330711486097
47,"flexible","q10",0.25,5.95210375745922
47,"flexible","q10",0.5,5.37593657845709
47,"flexible","q10",1,4.31915428976363
47,"flexible","q10",2,2.60122862053643
47,"flexible","q10",4,0.811595410567432
47,"flexible","q10",8,0.0712115295928144
47,"flexible","q10",12,0.00609138191961915
47,"flexible","q50",0.25,8.10047743821806
47,"flexible","q50",0.5,7.27908144754885
47,"flexible","q50",1,5.86731245549464
47,"flexible","q50",2,3.86841630100612
47,"flexible","q50",4,1.71763516304904
47,"flexible","q50",8,0.333562044717338
47,"flexible","q50",12,0.0648894348833673
47,"flexible","q90",0.25,10.9845504441456
47,"flexible","q90",0.5,9.79577334408648
47,"flexible","q90",1,7.87831186031237
47,"flexible","q90",2,5.45704402528952
47,"flexible","q90",4,2.90798187265482
47,"flexible","q90",8,0.926185919565396
47,"flexible","q90",12,0.304717578319322
48,"truth","q10",0.25,6.24774377225268
48,"truth","q10",0.5,5.62323908157432
48,"truth","q10",1,4.4643676499867
48,"truth","q10",2,2.57899725097421
48,"truth","q10",4,0.733966799028824
48,"truth","q10",8,0.0543969688640314
48,"truth","q10",12,0.00392562031931134
48,"truth","q50",0.25,8.48067086584799
48,"truth","q50",0.5,7.58197373655724
48,"truth","q50",1,6.05096989107465
48,"truth","q50",2,3.92836790594524
48,"truth","q50",4,1.68813448818037
48,"truth","q50",8,0.306565548150483
48,"truth","q50",12,0.0557052827728727
48,"truth","q90",0.25,11.464796581399
48,"truth","q90",0.5,10.1462773962201
48,"truth","q90",1,8.08004671556735
48,"truth","q90",2,5.55451076010246
48,"truth","q90",4,2.94369364738675
48,"truth","q90",8,0.926657074380812
48,"truth","q90",12,0.301350108447867
48,"gaussian","q10",0.25,6.19033149654341
48,"gaussian","q10",0.5,5.43937027395105
48,"gaussian","q10",1,4.03729525238569
48,"gaussian","q10",2,1.98841777795075
48,"gaussian","q10",4,0.423946225801629
48,"gaussian","q10",8,0.0181921190349701
48,"gaussian","q10",12,0.000754012684510615
48,"gaussian","q50",0.25,8.35495276525861
48,"gaussian","q50",0.5,7.33411443773615
48,"gaussian","q50",1,5.66968361625496
48,"gaussian","q50",2,3.48926297786707
48,"gaussian","q50",4,1.32243147475548
48,"gaussian","q50",8,0.186626149116877
48,"gaussian","q50",12,0.026230729594887
48,"gaussian","q90",0.25,11.195189985418
48,"gaussian","q90",0.5,9.78157245785951
48,"gaussian","q90",1,7.6931232193054
48,"gaussian","q90",2,5.17671268470507
48,"gaussian","q90",4,2.63279913244597
48,"gaussian","q90",8,0.744240417883488
48,"gaussian","q90",12,0.217894664841218
48,"flexible","q10",0.25,6.35112585461562
48,"flexible","q10",0.5,5.69281840258574
48,"flexible","q10",1,4.47150151839085
48,"flexible","q10",2,2.50588849155282
48,"flexible","q10",4,0.671846100793972
48,"flexible","q10",8,0.0451227411181902
48,"flexible","q10",12,0.00294345111303183
48,"flexible","q50",0.25,8.55513755048011
48,"flexible","q50",0.5,7.62836246663844
48,"flexible","q50",1,6.06422318697434
48,"flexible","q50",2,3.92104229939334
48,"flexible","q50",4,1.66218268449407
48,"flexible","q50",8,0.293056785686342
48,"flexible","q50",12,0.051759729558384
48,"flexible","q90",0.25,11.4723001312449
48,"flexible","q90",0.5,10.1404821660719
48,"flexible","q90",1,8.09283543962116
48,"flexible","q90",2,5.59509377369772
48,"flexible","q90",4,2.99304163709814
48,"flexible","q90",8,0.948457356497981
48,"flexible","q90",12,0.309832650733357
49,"truth","q10",0.25,6.24774377225268
49,"truth","q10",0.5,5.62323908157432
49,"truth","q10",1,4.4643676499867
49,"truth","q10",2,2.57899725097421
49,"truth","q10",4,0.733966799028824
49,"truth","q10",8,0.0543969688640314
49,"truth","q10",12,0.00392562031931134
49,"truth","q50",0.25,8.48067086584799
49,"truth","q50",0.5,7.58197373655724
49,"truth","q50",1,6.05096989107465
49,"truth","q50",2,3.92836790594524
49,"truth","q50",4,1.68813448818037
49,"truth","q50",8,0.306565548150483
49,"truth","q50",12,0.0557052827728727
49,"truth","q90",0.25,11.464796581399
49,"truth","q90",0.5,10.1462773962201
49,"truth","q90",1,8.08004671556735
49,"truth","q90",2,5.55451076010246
49,"truth","q90",4,2.94369364738675
49,"truth","q90",8,0.926657074380812
49,"truth","q90",12,0.301350108447867
49,"gaussian","q10",0.25,5.88703632731913
49,"gaussian","q10",0.5,5.26200877046884
49,"gaussian","q10",1,4.08772280936899
49,"gaussian","q10",2,2.24893498238615
49,"gaussian","q10",4,0.597261849437563
49,"gaussian","q10",8,0.0383433837055127
49,"gaussian","q10",12,0.00236905118776785
49,"gaussian","q50",0.25,8.15593653138376
49,"gaussian","q50",0.5,7.25581935026203
49,"gaussian","q50",1,5.76507555611019
49,"gaussian","q50",2,3.69839002819263
49,"gaussian","q50",4,1.54877466763575
49,"gaussian","q50",8,0.268355114180234
49,"gaussian","q50",12,0.0462697593764859
49,"gaussian","q90",0.25,11.262423722453
49,"gaussian","q90",0.5,9.96088510961496
49,"gaussian","q90",1,7.96170595663816
49,"gaussian","q90",2,5.46887120226198
49,"gaussian","q90",4,2.88756602683308
49,"gaussian","q90",8,0.898713744195697
49,"gaussian","q90",12,0.287159657818061
49,"flexible","q10",0.25,6.07128421576162
49,"flexible","q10",0.5,5.48395426341369
49,"flexible","q10",1,4.40658824938327
49,"flexible","q10",2,2.64079768942899
49,"flexible","q10",4,0.81071802398719
49,"flexible","q10",8,0.0684746844020196
49,"flexible","q10",12,0.00562170129302045
49,"flexible","q50",0.25,8.39288944795097
49,"flexible","q50",0.5,7.54546486004742
49,"flexible","q50",1,6.08915452842869
49,"flexible","q50",2,4.0313487531732
49,"flexible","q50",4,1.811194063451
49,"flexible","q50",8,0.358955344947806
49,"flexible","q50",12,0.0711338848483664
49,"flexible","q90",0.25,11.5759931489475
49,"flexible","q90",0.5,10.3308579439617
49,"flexible","q90",1,8.31574084340555
49,"flexible","q90",2,5.80519139596667
49,"flexible","q90",4,3.14999657717357
49,"flexible","q90",8,1.04519569967449
49,"flexible","q90",12,0.358731159126514
50,"truth","q10",0.25,6.24774377225268
50,"truth","q10",0.5,5.62323908157432
50,"truth","q10",1,4.4643676499867
50,"truth","q10",2,2.57899725097421
50,"truth","q10",4,0.733966799028824
50,"truth","q10",8,0.0543969688640314
50,"truth","q10",12,0.00392562031931134
50,"truth","q50",0.25,8.48067086584799
50,"truth","q50",0.5,7.58197373655724
50,"truth","q50",1,6.05096989107465
50,"truth","q50",2,3.92836790594524
50,"truth","q50",4,1.68813448818037
50,"truth","q50",8,0.306565548150483
50,"truth","q50",12,0.0557052827728727
50,"truth","q90",0.25,11.464796581399
50,"truth","q90",0.5,10.1462773962201
50,"truth","q90",1,8.08004671556735
50,"truth","q90",2,5.55451076010246
50,"truth","q90",4,2.94369364738675
50,"truth","q90",8,0.926657074380812
50,"truth","q90",12,0.301350108447867
50,"gaussian","q10",0.25,6.12002301304903
50,"gaussian","q10",0.5,5.44834920550018
50,"gaussian","q10",1,4.16634383319952
50,"gaussian","q10",2,2.18739519990994
50,"gaussian","q10",4,0.524270835236808
50,"gaussian","q10",8,0.0277288582931314
50,"gaussian","q10",12,0.00144472404556684
50,"gaussian","q50",0.25,8.26317966865114
50,"gaussian","q50",0.5,7.30455362158635
50,"gaussian","q50",1,5.71749121982801
50,"gaussian","q50",2,3.58151527433736
50,"gaussian","q50",4,1.42226160973943
50,"gaussian","q50",8,0.219748641151986
50,"gaussian","q50",12,0.0339049791079719
50,"gaussian","q90",0.25,11.0993704027176
50,"gaussian","q90",0.5,9.71533846162173
50,"gaussian","q90",1,7.64858328885332
50,"gaussian","q90",2,5.15517938242205
50,"gaussian","q90",4,2.6512875062871
50,"gaussian","q90",8,0.775158897578187
50,"gaussian","q90",12,0.234001966399305
50,"flexible","q10",0.25,6.32692905601636
50,"flexible","q10",0.5,5.71488641757259
50,"flexible","q10",1,4.56860196661072
50,"flexible","q10",2,2.67183502115806
50,"flexible","q10",4,0.774418775182126
50,"flexible","q10",8,0.0592421136579057
50,"flexible","q10",12,0.00445019147747379
50,"flexible","q50",0.25,8.53569338112364
50,"flexible","q50",0.5,7.64562346007262
50,"flexible","q50",1,6.12591467325339
50,"flexible","q50",2,4.00506688189623
50,"flexible","q50",4,1.74669659326395
50,"flexible","q50",8,0.326286150452941
50,"flexible","q50",12,0.061063234671046
50,"flexible","q90",0.25,11.4650819660494
50,"flexible","q90",0.5,10.1486885793382
50,"flexible","q90",1,8.09180549654239
50,"flexible","q90",2,5.58730543744634
50,"flexible","q90",4,2.99630009083145
50,"flexible","q90",8,0.964364842796257
50,"flexible","q90",12,0.321098715723637
